post_uploaded_at,platform,author,post_title,full_body_excerpt,target_erp,detected_pain_point,pain_severity_score,post_url,recommended_advisory_angle,saved_at
2026-04-16 20:11:50 UTC,Reddit,WillingSpray3007,AR lockbox automation in NetSuit,Looking at Celigo's Cash Application Manager (CAM) to automate AR cash application from a bank lockbox (BAI2 over SFTP) into NetSuite.            Quick questions for anyone who's run it in production:                            What match rate are you actually getting? (Applied vs. Unapplied/Unidentified)                        Is it worth the license cost over NetSuite's free Bank Statement Parsers SuiteApp + custom SuiteScript?                 ,Netsuite,"Remittance (remittance, lockbox)",10,https://www.reddit.com/r/Netsuite/comments/1sneyat/ar_lockbox_automation_in_netsuit/,Acknowledge their Netsuite friction regarding Remittance. Share non-pitch advisory perspective on deterministic CSV/API journal matching logic.,2026-09-09 00:02:50
2026-08-16 15:56:01 UTC,Reddit,aj_agr,NetSuite-connected A/R inbox that matches customer emails to receivables,"A/R teams often have to jump between a shared inbox and NetSuite just to answer a basic question: who is this customer, which invoice are they referring to, and what should happen next?            I built an A/R Inbox Manager to bring that workflow together.            It currently:                            synchronizes customers, open invoices, balances, due dates, aging, payment history, and invoice context from NetSuite;                     ",Netsuite,"Remittance (remittance, remittance advice)",8,https://www.reddit.com/r/Netsuite/comments/1veffrk/netsuiteconnected_ar_inbox_that_matches_customer/,Acknowledge their Netsuite friction regarding Remittance. Share non-pitch advisory perspective on deterministic CSV/API journal matching logic.,2026-09-09 00:05:21
2026-09-24 07:15:03 UTC,Reddit,IT-Spirit,Real numbers on NetSuite ROI: where the payback actually comes from (after 10+ years implementing),"Whenever a software vendor pitches an ERP, the ROI slide is always vague: ""improve operational efficiency by 25%"" or ""unlock business agility"".            Having spent over a decade leading NetSuite implementations for growing mid-market companies and multi-entity groups, here is the real financial math that actually pays back the project in 18 to 30 months:                            Month-end close reduction (40% to 70% faster)Pre-NetSuite, mos",Netsuite,"Bank Reconciliation (bank reconciliation, blackline)",10,https://www.reddit.com/r/Netsuite/comments/1w9tzb3/real_numbers_on_netsuite_roi_where_the_payback/,Acknowledge their Netsuite friction regarding Bank Reconciliation. Share non-pitch advisory perspective on deterministic CSV/API journal matching logic.,2026-09-09 00:52:37
2026-09-16 05:19:52 UTC,Reddit,Ok_Major_2401,Journal Entries appearing in the Payments tab of NetSuite Bank Deposit even though they don't use Undeposited Funds,"Hi everyone,            I'm facing an unusual issue in NetSuite with Bank Deposits and would appreciate any advice.            When I create a Bank Deposit, two Journal Entries are appearing in the Payments subtab as available transactions. I don't want these JEs to appear there.            The Deposit is using:                            Account: 1601001 – Cash & Cash Equivalents : Petty Cash                        The two JEs are:            JV",Netsuite,Undeposited Funds (undeposited funds),8,https://www.reddit.com/r/Netsuite/comments/1w39k98/journal_entries_appearing_in_the_payments_tab_of/,Acknowledge their Netsuite friction regarding Undeposited Funds. Share non-pitch advisory perspective on deterministic CSV/API journal matching logic.,2026-09-09 00:55:19
2026-07-29 18:27:22 UTC,Reddit,Better-Lavishness-95,"Best practice for implementing a Representative Payee program in NetSuite OneWorld (Customer Deposits, beginning balances & pooled trust account)","I’m hoping someone with NetSuite implementation experience can point me in the right direction because our use case is a little different from a traditional AR workflow.We operate a Representative Payee program. We receive Social Security benefits on behalf of clients and manage their funds in a single pooled trust bank account.            Each client has an individual balance, but all cash is held in one pooled bank account.     Current Process       Each client has:            A Vendor record",Netsuite,Customer Deposit (customer deposit),9,https://www.reddit.com/r/Netsuite/comments/1uzvu7b/best_practice_for_implementing_a_representative/,Acknowledge their Netsuite friction regarding Customer Deposit. Share non-pitch practitioner perspective on automated CSV/API journal matching logic.,2026-09-09 19:02:58
2026-01-18 14:06:44 UTC,Reddit,Nick_AxeusConsulting,"SuiteAnswer Article 72893 - ""Quick Reference Guide of Applied To and Applying Transaction""","This is one of the Top 5 articles that I always reference over my 25-year career, and NS support has temporarily removed this article from SuiteAnswers for some stupid reason, so I'm pasting the chart here because I use this reference at least once every week.                                               Applied To Transaction Type                            Type                            Applying Transaction Type",Netsuite,Customer Deposit (customer deposit),9,https://www.reddit.com/r/Netsuite/comments/1qnooim/suiteanswer_article_72893_quick_reference_guide/,Acknowledge their Netsuite friction regarding Customer Deposit. Share non-pitch practitioner perspective on automated CSV/API journal matching logic.,2026-09-09 19:03:40
2026-01-05 22:15:33 UTC,Reddit,k1koth3gre4t-,Automated Cash Application - Subsidiary issue,"I was looking for a solution that solves bank statement import of customer payments, since match bank data doesnt do that job and stumbled upon this.            I tested it, it worked great, however, just before making a guide for my accountants i discovered its broken. Apparently, it only allows you to select customers whose primary subsidiary is the same as the bank account subsidiary. So if a subsidiary is added for the customer as non-primary, the customer doesnt show up for that bank accoun",Netsuite,"Cash Application (cash application, celigo, bai2)",10,https://www.reddit.com/r/Netsuite/comments/1qde8jk/automated_cash_application_subsidiary_issue/,Acknowledge their Netsuite friction regarding Cash Application. Share non-pitch practitioner perspective on automated CSV/API journal matching logic.,2026-09-09 19:03:45
2026-08-20 13:03:58 UTC,Reddit,Different_Pain5781,Is anyone else's Match Bank Data UI auto sorting when you try to copy names?,Ever since the 2026.1 update the Match Bank Data page has been driving everyone crazy. Highlight a memo or vendor name for one second and the whole thing auto sorts and jumps somewhere else. Then it's back to finding the same transaction again.            At this point it feels like every update fixes one thing and breaks two more.            Has anyone just given up and moved to external bank reconciliation software or bank reconciliation softwa,Netsuite,Bank Reconciliation (bank reconciliation),8,https://www.reddit.com/r/Netsuite/comments/1vhkzb4/is_anyone_elses_match_bank_data_ui_auto_sorting/,Acknowledge their Netsuite friction regarding Bank Reconciliation. Share non-pitch advisory perspective on deterministic CSV/API journal matching logic.,2026-09-09 19:06:01
2026-08-18 05:13:07 UTC,Reddit,Ecstatic-Flight1817,Bank feed app vs Bank SFTP,How many anyone used BANK feed App For BANK reconciliation? We have used SFTP for bank reconciliation feel that some of  the data is been truncated or is missing.            any feedback would help us on this .                                         Read more How many anyone used BANK feed App For BANK reconciliation? We have used SFTP for bank reconciliation feel that some of  the data is been truncated or is missing. any feedback would help us,Netsuite,Bank Reconciliation (bank reconciliation),10,https://www.reddit.com/r/Netsuite/comments/1vfow6q/bank_feed_app_vs_bank_sftp/,Acknowledge their Netsuite friction regarding Bank Reconciliation. Share non-pitch advisory perspective on deterministic CSV/API journal matching logic.,2026-09-09 19:06:06
2026-08-03 19:45:32 UTC,Reddit,PHant0mX21c,NetSuite-Unclaimed Property Process,"Hello, I’m new to NetSuite. We just had our go-live milestone.            We have some old uncashed checks on our bank reconciliation. What is the best practice to account for escheating these unclaimed properties to the state controller’s office?            I would like to preserve the original data. What I was envisioning is as follows:                            Record a journal entry that debits the cash account, credits the unclaimed propert",Netsuite,Bank Reconciliation (bank reconciliation),8,https://www.reddit.com/r/Netsuite/comments/1v3zq4a/netsuiteunclaimed_property_process/,Acknowledge their Netsuite friction regarding Bank Reconciliation. Share non-pitch advisory perspective on deterministic CSV/API journal matching logic.,2026-09-09 19:17:35
2025-10-30 03:44:33 UTC,Reddit,Wild-Tumbleweed-5719,"Hi Accountants, can someone explain how reconciliation actually works inside QuickBooks?","Hey everyone — I’m a dev experimenting with some QuickBooks automation and I’m getting confused about the relationships between invoices, payments, and deposits.            I understand the docs but not the real-world accounting logic.Like, what does it mean when a deposit is “unapplied cash”?How do you normally connect a payment or a Stripe deposit back to an invoice?            Just trying to get the accountant perspective, not build anything c",Netsuite,Unapplied Cash (unapplied cash),10,https://www.reddit.com/r/Accounting/comments/1oub9gm/hi_accountants_can_someone_explain_how/,Acknowledge their Netsuite friction regarding Unapplied Cash. Share non-pitch advisory perspective on deterministic CSV/API journal matching logic.,2026-09-09 19:45:16
2026-09-03 19:00:02 UTC,Reddit,No-Contribution-2719,Looking for hands-on QBO practice for bank reconciliations & Canadian payroll,I recently got an Accounting Technician position and I’m trying to improve my practical skills in QuickBooks Online before I start doing more work.            I’m specifically looking to learn:                            QBO bank reconciliations                        Canadian payroll in QBO                        Payroll deductions/remittances                        How payroll transactions flow through the books                        The probl,Quickbooks,"Remittance (remittance, bank reconciliation)",7,https://www.reddit.com/r/Accounting/comments/1vt5uns/looking_for_handson_qbo_practice_for_bank/,Acknowledge their Quickbooks friction regarding Remittance. Share non-pitch advisory perspective on deterministic CSV/API journal matching logic.,2026-09-09 21:19:05
2026-09-23 10:02:39 UTC,Reddit,IntelligentCrow6421,Built a NetSuite Customer Finance Portal - looking for feedback,"Hi everyone,            I’ve been working on a customer portal built around NetSuite to give customers a simpler way to manage their financial activity without having to navigate NetSuite itself.            Currently it includes:                            Sales order visibility                        Shipment tracking                        Invoices & cash sales                        Outstanding / overdue invoice tracking                       ",Netsuite,"Remittance (remittance, customer deposit)",8,https://www.reddit.com/r/Netsuite/comments/1w944k2/built_a_netsuite_customer_finance_portal_looking/,Acknowledge their Netsuite friction regarding Remittance. Share non-pitch advisory perspective on deterministic CSV/API journal matching logic.,2026-09-09 21:29:50
2026-09-23 10:00:47 UTC,Reddit,IntelligentCrow6421,Built a NetSuite Customer Finance Portal - looking for feedback,"Hi everyone,            I’ve been working on a customer portal built around NetSuite to give customers a simpler way to manage their financial activity without having to navigate NetSuite itself.            Currently it includes:                            Sales order visibility                        Shipment tracking                        Invoices & cash sales                        Outstanding / overdue invoice tracking                       ",Netsuite,"Remittance (remittance, customer deposit)",8,https://www.reddit.com/r/Netsuite/comments/1w9436p/built_a_netsuite_customer_finance_portal_looking/,Acknowledge their Netsuite friction regarding Remittance. Share non-pitch advisory perspective on deterministic CSV/API journal matching logic.,2026-09-09 21:29:52
2026-08-14 11:54:11 UTC,Reddit,Temporary-Strategy70,Shopify → NetSuite orders: 4 common integration patterns and where they usually break,"I’ve been documenting Shopify-to-NetSuite order flows, and one recurring mistake is treating the integration as a simple “copy the order into NetSuite” problem.            The right design depends on which system owns fulfillment, inventory, payments, and accounting. These are the four patterns I see most often:            1. Create the Sales Order only            A paid or otherwise qualifying Shopify order creates a NetSuite Sales Order. NetSui",Netsuite,Payment Reconciliation (payment reconciliation),8,https://www.reddit.com/r/Netsuite/comments/1vco064/shopify_netsuite_orders_4_common_integration/,Acknowledge their Netsuite friction regarding Payment Reconciliation. Share non-pitch advisory perspective on deterministic CSV/API journal matching logic.,2026-09-09 21:29:55
2026-07-16 22:22:36 UTC,Reddit,Competitive_Role4940,Can NetSuite Estimates support installments like Invoices?,"I'm trying to determine whether this is possible in standard NetSuite or if it requires customization.            We currently use invoice installments, and they work well for splitting an invoice into multiple due dates and amounts.            What I'd like to do is have the same functionality on Estimates (Quotes).            For example:                            Estimate Total: $12,000                        Installment 1: $3,000 due Jan 1  ",Netsuite,Customer Deposit (customer deposit),10,https://www.reddit.com/r/Netsuite/comments/1upg8qd/can_netsuite_estimates_support_installments_like/,Acknowledge their Netsuite friction regarding Customer Deposit. Share non-pitch advisory perspective on deterministic CSV/API journal matching logic.,2026-09-09 21:29:58
2026-07-16 17:30:20 UTC,Reddit,flyingkiwi1993,Customer payments reconciliation,"Hi,            Just moved to Netsuite, trying to do the bank reconiliation (match bank data).            I'm just trying to make sure I'm not going insane here.            The first thing I know of when a customer pays me, is when I see the bank transactions, as most of our customers are small guys who don't send remittances.            But I can't simply match that to an outstanding invoice, I have to create a deposit/record a customer payment, ",Netsuite,"Remittance (remittance, bank reconciliation)",10,https://www.reddit.com/r/Netsuite/comments/1upaay0/customer_payments_reconciliation/,Acknowledge their Netsuite friction regarding Remittance. Share non-pitch advisory perspective on deterministic CSV/API journal matching logic.,2026-09-09 21:30:00
2026-07-24 22:02:46 UTC,Reddit,Ayamop95,ASC 606 Implementation,I have a client which is in the remittance business and helping them through their ASC 606 implementation. I am pretty close to where I need to be however they currently use Quickbooks and no other tools to help with this. Can anyone help me with solutions on any tech tools that can help with syncing all of their systems or just what the best way forward in implementation would be for them. Or would you advise consulting with one of the Big 4s?  ,Quickbooks,Remittance (remittance),7,https://www.reddit.com/r/Accounting/comments/1uvxx0i/asc_606_implementation/,Acknowledge their Quickbooks friction regarding Remittance. Share non-pitch advisory perspective on deterministic CSV/API journal matching logic.,2026-09-09 21:30:05
2026-07-12 20:03:03 UTC,Reddit,Ambitious-Permit-636,Warning: BILL.com will not help your clients find incorrectly routed payments,"This is absolutely bonkers to me. Clearing up some AR from a new client their customer sends remittance screenshot of a payment out on bill.com.            No receipt in our banks, my client doesn't have a bill.com account.            Apparently a Payment out number, nor a reference ID will be used to confirm that.            That customer that sent a payment is telling us to get bent they're not helping with any of this. It's only like $2300 so ",General ERP / Accounting,Remittance (remittance),7,https://www.reddit.com/r/Accounting/comments/1um4d98/warning_billcom_will_not_help_your_clients_find/,Acknowledge their General ERP / Accounting friction regarding Remittance. Share non-pitch advisory perspective on deterministic CSV/API journal matching logic.,2026-09-09 21:30:10
2026-07-05 12:58:12 UTC,Reddit,KeysOfMysterium,Fired in 3 weeks from my first accounting job.,"Idk why I'm posting this, maybe I just need some encouragement. I got my first job right out of college as an ""accounting assistant"" for a logistics company. My job was mainly just sending emails and scanning checks, which doesn't really feel like accounting but it was nice for a start I guess. I accidentally sent a remittance to the wrong person and I added up the checks wrong in Excel because I misclicked a cell. This was enough that they deeme",General ERP / Accounting,Remittance (remittance),9,https://www.reddit.com/r/Accounting/comments/1ug6x1g/fired_in_3_weeks_from_my_first_accounting_job/,Acknowledge their General ERP / Accounting friction regarding Remittance. Share non-pitch advisory perspective on deterministic CSV/API journal matching logic.,2026-09-09 21:30:13
2026-05-04 18:41:25 UTC,Reddit,Glarpenheimer,Client: “I didn’t embezzle anything.”,The suspense account with a six-figure balance:                                         Read more The suspense account with a six-figure balance: Something a cat who embezzles would say. My office plant would probably say same thing if it could talk and had access to petty cash. My cat is just an asshole. Your cat says the same about you. Did you accuse them of embezzlement? I usually let the interns do that That's how all embezzlement happens. T,General ERP / Accounting,Suspense Account (suspense account),7,https://www.reddit.com/r/Accounting/comments/1t1zsg9/client_i_didnt_embezzle_anything/,Acknowledge their General ERP / Accounting friction regarding Suspense Account. Share non-pitch advisory perspective on deterministic CSV/API journal matching logic.,2026-09-09 21:43:17
2026-04-25 12:56:47 UTC,Reddit,Upstairs_Bunch4446,As level Accounting 9706,"*AS Level Accounting 9706 – Topics Asked Every Time*            *100% Guaranteed in Paper 2:*                            *Financial Statements for Sole Trader* – Income Statement + SOFP with 4-5 adjustments – 20-25 marks                        *Partnership Accounts* – Appropriation A/c + Current/Capital A/cs – 15-20 marks                        *Limited Companies* – Income Statement + SOFP with Share Capital, Debentures, Dividends – 15-20 marks  ",General ERP / Accounting,"Bank Reconciliation (bank reconciliation, bank rec)",9,https://www.reddit.com/r/Accounting/comments/1suhg7v/as_level_accounting_9706/,Acknowledge their General ERP / Accounting friction regarding Bank Reconciliation. Share non-pitch advisory perspective on deterministic CSV/API journal matching logic.,2026-09-09 21:43:22
2026-04-24 04:12:09 UTC,Reddit,abadusername24,"Very basic question about suspense accounts, I think the answer is obvious but I'm somehow wrong and I just CAN'T understand how","""The credit balance on the bank current account ($1650) had been entered in the trial balance as a debit balance""            How come the answer is ""debit it twice in the suspense account"" and not ""credit twice""?            Won't debiting it twice in the suspense account after discovering the error just make it so that it gets a total of THREE debit entries in the trial balance?                                         Read more ""The credit balanc",General ERP / Accounting,Suspense Account (suspense account),9,https://www.reddit.com/r/Accounting/comments/1stdj3q/very_basic_question_about_suspense_accounts_i/,Acknowledge their General ERP / Accounting friction regarding Suspense Account. Share non-pitch advisory perspective on deterministic CSV/API journal matching logic.,2026-09-09 21:43:25
2026-04-06 22:43:05 UTC,Reddit,SellTheSizzle--007,What is your favorite account? And why is it 99990-SUSPENSE?,"Suspense accounts always look great… right up until you have to clear them. They solve the problem in the moment, then quietly become a bigger one later. Kinda like my org's mysterious ""Misc Liability"" account that keeps growing every month You mean the QB account “Ask My Accountant”? Like u not the accountant all of a certain 99990 is a cop-out account, not a favorite. Ever audit a suspense account older than 3 years? The ultimate trap account. ",General ERP / Accounting,Suspense Account (suspense account),7,https://www.reddit.com/r/Accounting/comments/1sfdfg5/what_is_your_favorite_account_and_why_is_it/,Acknowledge their General ERP / Accounting friction regarding Suspense Account. Share non-pitch advisory perspective on deterministic CSV/API journal matching logic.,2026-09-09 21:43:30
2025-09-23 17:04:08 UTC,Reddit,accesscopy,What's going on with this logged refund check in QBO?,"I searched up the best possible way to log a refund check that came, while keeping it connected to its bill and, crucially, its project.            I saw a few tutorials that followed these steps, which covered everything great and cleared my Statement of Financial Position. But, now my Statement of Activity has the A/P bank deposit logged under Unapplied Cash Bill Payment. The transaction itself I categorized as Accounts Payable, same steps as t",Qbo,Unapplied Cash (unapplied cash),7,https://www.reddit.com/r/Bookkeeping/comments/1o0owfk/whats_going_on_with_this_logged_refund_check_in/,Acknowledge their Qbo friction regarding Unapplied Cash. Share non-pitch advisory perspective on deterministic CSV/API journal matching logic.,2026-09-09 21:55:57
2026-08-24 04:59:01 UTC,Reddit,capitalwisdom,How to handle non-calendar bank statement cycle for reconciliation?,"I am a starting bookkeeper and try to think up various scenarios that I want to know how to handle. All the training materials and videos assume that the bank statement uses a calendar month cycle (July 1 to July 31 for example). But what if the bank statement uses a non-calendar month cycle, say, July 10 to August 9?  If you do bank reconciliation for July in QBO, would you split the bank statement transactions into July 10 - July 31 and August ",Qbo,"Bank Reconciliation (bank reconciliation, bank rec)",7,https://www.reddit.com/r/Bookkeeping/comments/1vkk5z5/how_to_handle_noncalendar_bank_statement_cycle/,Acknowledge their Qbo friction regarding Bank Reconciliation. Share non-pitch advisory perspective on deterministic CSV/API journal matching logic.,2026-09-09 21:56:45
2026-07-21 00:28:13 UTC,Reddit,HannahDayRider,"Yes, this is another ""how much would you charge"" question - or rather a ""am I too slow"" one.","Like the title says, however, I'm not so much looking to adjust my pricing accordingly and more looking for ways to counter my client's complaint about my rate.            The scenario:            Client's old bookkeeper finally quit to retire and has been handling their books for a long time (don't know how long exactly, 10+ years). Old bookkeeper is not a CPA. Old bookkeeper would submit payroll, payroll taxes and sales taxes. They used a diffe",Qbo,Undeposited Funds (undeposited funds),9,https://www.reddit.com/r/Bookkeeping/comments/1usru0g/yes_this_is_another_how_much_would_you_charge/,Acknowledge their Qbo friction regarding Undeposited Funds. Share non-pitch advisory perspective on deterministic CSV/API journal matching logic.,2026-09-09 21:57:02
2026-05-18 14:23:03 UTC,Reddit,RobertOneBooks,Is their an undeposited funds report in QBO,I know if you click on the create + and go to bank deposits you can see the items included in un deposited funds. I don’t think there is an actual report that can be run from the reports menu unless I’m missing it.                                         Read more I know if you click on the create + and go to bank deposits you can see the items included in un deposited funds. I don’t think there is an actual report that can be run from the report,Qbo,Undeposited Funds (undeposited funds),7,https://www.reddit.com/r/Bookkeeping/comments/1td86cf/is_their_an_undeposited_funds_report_in_qbo/,Acknowledge their Qbo friction regarding Undeposited Funds. Share non-pitch advisory perspective on deterministic CSV/API journal matching logic.,2026-09-09 21:57:05
2026-04-21 13:30:48 UTC,Reddit,interstellar_egg,Help Cleaning up a Mess,"I'm trying to keep the books for my small LLC. We had a end-of-year bookkeeper/CPA, but they have moved out of town and until we get a new one, I'm on my own and don't want to hand the next person a mess. I think they were fixing all my mistakes and not really telling me what I did wrong. They just asked, 'how much did you make last year?' and then left me alone, so I didn't really know what I didn't know.            The business is pretty small,",Quickbooks,Undeposited Funds (undeposited funds),7,https://www.reddit.com/r/Bookkeeping/comments/1sr93pd/help_cleaning_up_a_mess/,Acknowledge their Quickbooks friction regarding Undeposited Funds. Share non-pitch advisory perspective on deterministic CSV/API journal matching logic.,2026-09-09 21:57:09
2026-03-03 22:36:49 UTC,Reddit,Routine-Algae9366,Jobber and QBO,Anybody doing construction bookkeeping and your client uses jobber to send out invoices and receive payments? The client I’ve taken over for has a bunch of stuff in undeposited funds and it’s a total mess. Jobber kind of sucks to figure out exactly what was paid and when..                                         Read more Anybody doing construction bookkeeping and your client uses jobber to send out invoices and receive payments? The client I’ve ,Quickbooks,Undeposited Funds (undeposited funds),9,https://www.reddit.com/r/Bookkeeping/comments/1rnqgzy/jobber_and_qbo/,Acknowledge their Quickbooks friction regarding Undeposited Funds. Share non-pitch advisory perspective on deterministic CSV/API journal matching logic.,2026-09-09 22:09:10
2026-02-08 19:21:38 UTC,Reddit,nifty_nomi,Hot take: QuickBooks Online is legitimately harder to learn than QuickBooks Desktop for both seasoned bookkeepers and novices.,"There is one singular reason that QBO and other cloud softwares like Xero are MUCH harder to learn than traditional desktop softwares.  It is because they fuse two *completely* different methodologies of bookkeeping together and pretend that’s normal.            I’m here to tell you, it’s not you.  It’s them.             (TL:DR I feel so strongly about this, recorded a video: https://youtu.be/14DvjL_u3bk )            The first methodology is what",Quickbooks,"Bank Reconciliation (bank reconciliation, bank rec)",9,https://www.reddit.com/r/Bookkeeping/comments/1r4xj78/hot_take_quickbooks_online_is_legitimately_harder/,Acknowledge their Quickbooks friction regarding Bank Reconciliation. Share non-pitch advisory perspective on deterministic CSV/API journal matching logic.,2026-09-09 22:09:13
2026-02-05 11:42:00 UTC,Reddit,glittery-narwhal,How to? Odd merge & transfer question,"I have 2 different bank accounts (lets call them H & A). Both bank accounts were for separate stores, so QB was separate (2 entities, H & A)            There was a check received for payment of service from store H, and put into the account ""undeposited funds"" on store H books. When reconciling 2025 books, I noticed that the check that was supposed to be deposited into H, got deposited into A. So I did a bank transfer in 2026, to move the funds f",General ERP / Accounting,Undeposited Funds (undeposited funds),7,https://www.reddit.com/r/Bookkeeping/comments/1r28exe/how_to_odd_merge_transfer_question/,Acknowledge their General ERP / Accounting friction regarding Undeposited Funds. Share non-pitch advisory perspective on deterministic CSV/API journal matching logic.,2026-09-09 22:09:16
2026-01-20 22:47:14 UTC,Reddit,Infinite-Payment3016,Clearing out undeposited funds that are old,"I have one transaction that I'm tired of seeing pop up in my reminders.  I am using Quickbooks Desktop.            I have a reminder to deposit undeposited funds of $581 from a credit card sale. Trouble is, the money was deposited and matched and this is somehow a duplicate.  I have an invoice and payment that are zeroing each other out.  The account balance is zeroed out, but the ""undeposited funds"" reminder is still showing. There is nothing to",Quickbooks,Undeposited Funds (undeposited funds),9,https://www.reddit.com/r/Bookkeeping/comments/1qplryj/clearing_out_undeposited_funds_that_are_old/,Acknowledge their Quickbooks friction regarding Undeposited Funds. Share non-pitch advisory perspective on deterministic CSV/API journal matching logic.,2026-09-09 22:09:20
2025-10-22 18:36:56 UTC,Reddit,Reddit User,Applying customer payments to open invoices - r/Accounting,"I'm looking for a way to automate, or at least streamline, my company's cash application process. Right now my senior accountant logs into the bank ...",General ERP / Accounting,Cash Application (cash application),7,https://www.reddit.com/r/Accounting/comments/1oobbfs/applying_customer_payments_to_open_invoices_is/,Acknowledge their General ERP / Accounting friction regarding Cash Application. Share non-pitch advisory perspective on deterministic CSV/API journal matching logic.,2026-09-10 00:41:56
2026-05-30 21:16:43 UTC,Reddit,Reddit User,"Hi guys, I'm trying for an Order to Cash (O2C) role. What ...","... cash application. The accounting side isn't super deep but you should know basic concepts like accounts receivable, revenue recognition, and ...Read more",General ERP / Accounting,"Cash Application (cash application, order to cash)",7,https://www.reddit.com/r/Accounting/comments/1tn7p4t/hi_guys_im_trying_for_an_order_to_cash_o2c_role/,Acknowledge their General ERP / Accounting friction regarding Cash Application. Share non-pitch advisory perspective on deterministic CSV/API journal matching logic.,2026-09-10 00:41:56
2026-04-09 21:45:22 UTC,Reddit,Reddit User,Help : applying 50+ payments to invoices everyday is brutal,"Rima ai handles that extraction step well, pulls structured data from remittance advice PDFs automatically so your team has clean inputs for the ...Read more",General ERP / Accounting,"Remittance (remittance, remittance advice)",7,https://www.reddit.com/r/Accounting/comments/1shs19y/help_applying_50_payments_to_invoices_everyday_is/,Acknowledge their General ERP / Accounting friction regarding Remittance. Share non-pitch advisory perspective on deterministic CSV/API journal matching logic.,2026-09-10 19:01:54
2026-01-08 00:11:30 UTC,Reddit,u/Remarkable-Use6337,My CFO wants me to do bank rec using hard copy statement..,"I am a recent hire working 6months. My CFO’s weakness is Excel, but my strength is Excel. Before i was hired as a senior accountant, noone knew how to use xlookup and people printed everything to reconcile which was just crazy. We were behind 6months in AP but now all caught up. When doing bank rec, there was a person who had the bank access so i could just ask her for the statement in Excel from the portal. However, she resigned last year and i ",General ERP / Accounting,Bank Rec (bank rec),9,https://www.reddit.com/r/Accounting/comments/1qf3427/my_cfo_wants_me_to_do_bank_rec_using_hard_copy/,Acknowledge their General ERP / Accounting friction regarding Bank Rec. Share non-pitch advisory perspective on deterministic CSV/API journal matching logic.,2026-09-10 23:51:22
2026-02-20 19:29:18 UTC,Reddit,u/birdwatcher3001,Bank Reconcilliation,"I’m not an accountant, but somehow got a job in AR. Now, every single month, I dread doing bank rec. We don’t have a controller. Our CFO is the only one who is a CPA. And every single month there’s tons of stuff that I have to blindly figure out if a JE needs to be posted, why we have uncleared charges, and it has never ONCE been smooth. I’m sick of it. Is this normal? Is this what accountants do every single month? It seems like the biggest time",General ERP / Accounting,Bank Rec (bank rec),7,https://www.reddit.com/r/Accounting/comments/1reoszj/bank_reconcilliation/,Acknowledge their General ERP / Accounting friction regarding Bank Rec. Share non-pitch advisory perspective on deterministic CSV/API journal matching logic.,2026-09-11 20:57:15
2026-03-13 10:45:52 UTC,Reddit,u/Commercial_Two_5970,"Manual collections is crushing my AR team. Are AI dunning agents actually useful, or is it the same old software with new branding?","Need to vent a bit and get some real-world advice. I run finance at a distribution company, about $180M in revenue, in a SAP environment. My AR team is 3 people and they are absolutely drowning. We spend hours of emailing customers about overdue invoices, manually matching payments that came in overnight, chasing missing PO numbers, and dealing with short-pays. By the time they get through the urgent stuff, there is no time left for anything proa",Sap,Dso (dso),9,https://www.reddit.com/r/ERP/comments/1rvgmfs/manual_collections_is_crushing_my_ar_team_are_ai/,Acknowledge their Sap friction regarding Dso. Share non-pitch advisory perspective on deterministic CSV/API journal matching logic.,2026-09-11 21:29:31
2026-03-13 10:45:52 UTC,Reddit,u/Commercial_Two_5970,"Manual collections is crushing my AR team. Are AI dunning agents actually useful, or is it the same old software with new branding?","Need to vent a bit and get some real-world advice. I run finance at a distribution company, about $180M in revenue, in a SAP environment. My AR team is 3 people and they are absolutely drowning. We spend hours of emailing customers about overdue invoices, manually matching payments that came in overnight, chasing missing PO numbers, and dealing with short-pays. By the time they get through the urgent stuff, there is no time left for anything proa",Sap,Dso (dso),9,https://www.reddit.com/r/ERP/comments/1rvgmfs/manual_collections_is_crushing_my_ar_team_are_ai/?tl=nl,Acknowledge their Sap friction regarding Dso. Share non-pitch advisory perspective on deterministic CSV/API journal matching logic.,2026-09-11 21:30:08
2026-09-15 16:31:35,Reddit,Reddit User,How I automated the daily task of A/R reconciliation,"How I automated the daily task of A/R reconciliation I want to share how I used Power Query to automate the daily task of A/R reconciliation. Kinda wanna brag and show-off. lols But, on a more serious note, maybe you can also be inspired and consider using Power Query for your work. Previously, what I did was,",General ERP / Accounting,Reconciliation (reconciliation),7,https://www.reddit.com/r/Accounting/comments/12hjkjz/how_i_automated_the_daily_task_of_ar/,Acknowledge their General ERP / Accounting friction regarding Reconciliation. Share non-pitch advisory perspective on deterministic CSV/API journal matching logic.
2026-09-15 16:31:35,Reddit,Reddit User,What do you use to automate bank reconciliation?,"I've been grappling with a bank statement reconciliation issue at my company, and I'm curious to know if others out there are experiencing the same headache. Our company relies on software that lacks automation.",General ERP / Accounting,"Reconciliation (reconciliation, bank reconciliation)",7,https://www.reddit.com/r/Accounting/comments/16nclzr/what_do_you_use_to_automate_bank_reconciliation/,Acknowledge their General ERP / Accounting friction regarding Reconciliation. Share non-pitch advisory perspective on deterministic CSV/API journal matching logic.
2026-09-15 16:31:35,Reddit,Reddit User,Any of your companies use AI for bank reconciliations?,"I report directly to the controller and am responsible for the operating account reconciliation, and one other account that is our second largest in transaction volume. Just wondering if any of you guys have ever had experience using tools like Docyt or Zeni to automate that process.",General ERP / Accounting,"Reconciliation (reconciliation, bank reconciliation)",7,https://www.reddit.com/r/Accounting/comments/1bfdkwy/any_of_your_companies_use_ai_for_bank/,Acknowledge their General ERP / Accounting friction regarding Reconciliation. Share non-pitch advisory perspective on deterministic CSV/API journal matching logic.
2026-09-15 16:31:36,Reddit,Reddit User,Has anyone automated parts of reconciliation?,"Has anyone automated parts of reconciliation? Newbie here. I heard there is software out there that automates certain parts of tax reconciliation. Has anyone used anything like this? If so, what would you recommend and what did you like about it? If you don't use software, do you do anything else? Much appreciated!",General ERP / Accounting,Reconciliation (reconciliation),7,https://www.reddit.com/r/Accounting/comments/rjkzcm/has_anyone_automated_parts_of_reconciliation/,Acknowledge their General ERP / Accounting friction regarding Reconciliation. Share non-pitch advisory perspective on deterministic CSV/API journal matching logic.
2026-09-15 16:31:36,Reddit,Reddit User,Power Automate,"If your accounting software has a public api, you can use Power Automate to bulk import transactions from a spreadsheet or you can use it to export of GL data into a spreadsheet on a schedule for month end reconciliation purposes or for report preparation purposes (convert GL to P&L either thru Pivot Tables or formulas). Reply reply FR0Z3NF15H •",General ERP / Accounting,Reconciliation (reconciliation),7,https://www.reddit.com/r/Accounting/comments/14e9wu4/power_automate/,Acknowledge their General ERP / Accounting friction regarding Reconciliation. Share non-pitch advisory perspective on deterministic CSV/API journal matching logic.
2026-09-15 16:31:37,Reddit,Reddit User,Bank Reconciliations,"Conceptually, bank reconciliations are fairly simple. Basically, there might be transactions on the books that the bank account might not ""know about"" yet (such as outstanding deposits and checks), and there might be transactions that have hit the bank account that the books don't ""know about"" yet (such as bank fees).",General ERP / Accounting,"Reconciliation (reconciliation, bank reconciliation)",7,https://www.reddit.com/r/Accounting/comments/3cxvj8/bank_reconciliations/,Acknowledge their General ERP / Accounting friction regarding Reconciliation. Share non-pitch advisory perspective on deterministic CSV/API journal matching logic.
2026-09-15 16:31:37,Reddit,Reddit User,Any tips on doing/understanding bank reconciliations?,A bank reconciliation just compares your ending bank balance to your ending GL balance. Any variance between the two is a reconciling item and needs to be booked to your cash account. Are you struggling with something specific?,General ERP / Accounting,"Reconciliation (reconciliation, bank reconciliation)",7,https://www.reddit.com/r/Accounting/comments/12axrfi/any_tips_on_doingunderstanding_bank/,Acknowledge their General ERP / Accounting friction regarding Reconciliation. Share non-pitch advisory perspective on deterministic CSV/API journal matching logic.
2026-09-15 16:31:37,Reddit,Reddit User,Please explain bank reconciliation in the simplest way possible,"Any reconciliation - is a internal worksheet which details the timing differences between a 1) source document and 2) accounting ledger. Specifically for bank bank recs, this helps understand the difference between an accounting cash balance and balance reported per bank statement (due mostly to timing differences of deposits/withdrawals).",General ERP / Accounting,"Reconciliation (reconciliation, bank reconciliation)",7,https://www.reddit.com/r/Accounting/comments/10nnb63/please_explain_bank_reconciliation_in_the/,Acknowledge their General ERP / Accounting friction regarding Reconciliation. Share non-pitch advisory perspective on deterministic CSV/API journal matching logic.
2026-09-15 16:31:37,Reddit,Reddit User,What actually are reconciliations?,"For me, reconciliations are usually when you have some report or statement of what went on during a period (bank statement, list of payables paid and new invoices / payables, etc) and you are checking that your accounting system has all of the transactions listed and whatever should be cleared is cleared.",General ERP / Accounting,Reconciliation (reconciliation),7,https://www.reddit.com/r/Accounting/comments/w7ksun/what_actually_are_reconciliations/,Acknowledge their General ERP / Accounting friction regarding Reconciliation. Share non-pitch advisory perspective on deterministic CSV/API journal matching logic.
2026-09-15 16:31:37,Reddit,Reddit User,can you explain reconciliation the simplest way,You're basically proving the number in the TB is correct. Bank reconciliations reconcile your Cash per TB against the bank statement (3rd party). PPE would reconcile your balance against a Fixed Asset Register and so on.,General ERP / Accounting,"Reconciliation (reconciliation, bank reconciliation)",7,https://www.reddit.com/r/Accounting/comments/154kwqg/can_you_explain_reconciliation_the_simplest_way/,Acknowledge their General ERP / Accounting friction regarding Reconciliation. Share non-pitch advisory perspective on deterministic CSV/API journal matching logic.
2026-09-15 16:31:38,Reddit,Reddit User,Any of your companies use AI for bank reconciliations?,"I work at a company that does about 2-2.5 in gross revenue per month and are a non profit in the healthcare industry. I report directly to the controller and am responsible for the operating account reconciliation, and one other account that is our second largest in transaction volume. Just wondering if any of you guys have ever had experience using tools like Docyt or Zeni to automate that ...",General ERP / Accounting,"Reconciliation (reconciliation, bank reconciliation)",7,https://www.reddit.com/r/Accounting/comments/1bfdkwy/any_of_your_companies_use_ai_for_bank/,Acknowledge their General ERP / Accounting friction regarding Reconciliation. Share non-pitch advisory perspective on deterministic CSV/API journal matching logic.
2026-09-15 16:31:38,Reddit,Reddit User,How do large companies do bank reconciliations?,"Large companies use accounting software or enterprise resource planning (ERP) systems to automate bank reconciliations. These software match transactions from the company's accounts with bank statements, and make adjustments for accurate financial reporting.",General ERP / Accounting,"Reconciliation (reconciliation, bank reconciliation)",7,https://www.reddit.com/r/Accounting/comments/n6lb9x/how_do_large_companies_do_bank_reconciliations/,Acknowledge their General ERP / Accounting friction regarding Reconciliation. Share non-pitch advisory perspective on deterministic CSV/API journal matching logic.
2026-09-15 16:31:38,Reddit,Reddit User,please explain the audit of cash to me like I am a 4th grader,GL = Bank Statement + deposits in transit - outstanding checks The cash receipts/disbursements journals are the detail between the opening and closing balances of the account for the month. The bank statement is what has cleared the bank. The reconciliation agrees the companies books to the bank.,General ERP / Accounting,Reconciliation (reconciliation),7,https://www.reddit.com/r/Accounting/comments/q7ynn8/please_explain_the_audit_of_cash_to_me_like_i_am/,Acknowledge their General ERP / Accounting friction regarding Reconciliation. Share non-pitch advisory perspective on deterministic CSV/API journal matching logic.
2026-09-17 22:04:57 UTC,Reddit,u/Nick_AxeusConsulting,Action Required: Review and submit pending reconciliation matches before the NetSuite upgrade to 26.2 to avoid rework,"After 26.2, unsubmitted matches will be unmatched. For more details, see SuiteAnswers [1047397](https://suiteanswers.custhelp.com/app/answers/detail/a_id/1047397/kw/1047397)",Netsuite,Reconciliation (reconciliation),8,https://reddit.com/r/Netsuite/comments/1wj7uay/action_required_review_and_submit_pending/,Acknowledge their Netsuite friction regarding Reconciliation. Share non-pitch advisory perspective on deterministic CSV/API journal matching logic.,2026-09-20 12:36:30
2026-09-16 06:03:17 UTC,Reddit,u/_octavia07,Unreconciled transaction,"I have a previously reconciled transaction (prepayment) that I deleted due to erroneous payee. Then I created another same prepayment record.  Since it was previously reconciled, I have matched the corresponding bank feed tranxz and the record in NS. However, when I'm going to reconcile the account, the prepayment record sits on the reconciliation qindow and when I selected it, it causes a discrepancy in my reconciliation.  How do I resolve this?",General ERP / Accounting,Reconciliation (reconciliation),7,https://reddit.com/r/Netsuite/comments/1whor7n/unreconciled_transaction/,Acknowledge their General ERP / Accounting friction regarding Reconciliation. Share non-pitch advisory perspective on deterministic CSV/API journal matching logic.,2026-09-20 12:36:30
2026-09-20 04:19:30 UTC,Reddit,u/lovelaa_kimmy,Is a CPA worth it or just need a Bachelor’s degree in accounting?,"Hello everyone! I’m a 26F who has been stuck trying to decide whether I should pursue my CPA or continue building my experience and look for a different job.  A little background about me:  From 18–22, I worked for a small tax office as an office assistant. My boss also paid for my Notary License, so I was able to gain experience in that area while attending community college.  At 22, I worked in Accounts Receivable for a bearing company for abou",General ERP / Accounting,Accounts Receivable (accounts receivable),9,https://reddit.com/r/Accounting/comments/1wl6w77/is_a_cpa_worth_it_or_just_need_a_bachelors_degree/,Acknowledge their General ERP / Accounting friction regarding Accounts Receivable. Share non-pitch advisory perspective on deterministic CSV/API journal matching logic.,2026-09-20 12:36:31
2026-09-20 04:28:37 UTC,Reddit,u/beyondcontrol2016,What's actually on your month-end close checklist for QuickBooks clients?,[removed],Quickbooks,Month-End Close (month-end close),6,https://reddit.com/r/Bookkeeping/comments/1wl72j8/whats_actually_on_your_monthend_close_checklist/,Acknowledge their Quickbooks friction regarding Month-End Close. Share non-pitch advisory perspective on deterministic CSV/API journal matching logic.,2026-09-20 12:36:33
2026-09-20 18:34:47 UTC,Reddit,u/grnhockey,Are college accounting courses failing current students?,"34 yo financial controller of a 100m SaaS company here. I’ve been trying to hire for a staff-ish level accountant 2-4 yoe and every interview I’ve had, these kids can’t answer basic debit/credit questions I ask. Mind you, I’m asking very basic questions like prepaid, accruals, and bank rec procedures. Am I asking for too much here? I would think having 2-4 years experience you would be able to do these basic things. Are current students relying t",General ERP / Accounting,Bank Rec (bank rec),9,https://reddit.com/r/Accounting/comments/1wlowtg/are_college_accounting_courses_failing_current/,Acknowledge their General ERP / Accounting friction regarding Bank Rec. Share non-pitch advisory perspective on deterministic CSV/API journal matching logic.,2026-09-20 19:01:44
2026-09-21 02:01:01 UTC,Reddit,u/richardthererd,"Curious about Davidson & Co, DMCL, Manning Elliott, and Smythe, culture/WLB from people who've actually worked there","Trying to get a sense of what these mid-size BC firms are actually like day-to-day, beyond the career page language. Would appreciate honest input from anyone with firsthand experience (current or former staff, articling students, whoever).   Things I'm curious about:   What's the culture actually like, supportive, sink-or-swim, somewhere in between?  How rough is busy season in practice?  Is mentorship real or mostly left to you to figure out on",General ERP / Accounting,Dso (dso),7,https://reddit.com/r/Accounting/comments/1wlzoqd/curious_about_davidson_co_dmcl_manning_elliott/,Acknowledge their General ERP / Accounting friction regarding Dso. Share non-pitch advisory perspective on deterministic CSV/API journal matching logic.,2026-09-21 02:01:47
2026-09-21 01:45:34 UTC,Reddit,u/DayDreamingofU,Hourly rate for part time in VA?,"I have a full time day job bookkeeping, but am going to be starting a part time side gig too. I don't know what hourly rate to ask for. Its for a landscaping company, a small one but they bring in about 500k a year. 5 employees on payroll total, and that's pretty much automated with qb other than entering hours. Accounts receivable/payable, including inquiring about past due invoices.   My current job, which is in the public sector, is just under",General ERP / Accounting,Accounts Receivable (accounts receivable),9,https://reddit.com/r/Bookkeeping/comments/1wlzd2i/hourly_rate_for_part_time_in_va/,Acknowledge their General ERP / Accounting friction regarding Accounts Receivable. Share non-pitch advisory perspective on deterministic CSV/API journal matching logic.,2026-09-21 02:01:48
2026-09-21 02:28:42 UTC,Reddit,u/Fearless_Oven_9724,Career Progressing?,Hello Good People. M28 here from Canada. Came here as an Int student.  Graduated a got my first job as an Accountant this June. Personally I love the work and the company. Its a brewing company so I have to deal with a lot of remittance and government stuffs but great learning experience for me I believe. Everything is going quiet well however I'm kinda confused what would be the career progression from here for myself.  Like I want to keep mysel,General ERP / Accounting,Remittance (remittance),7,https://reddit.com/r/Accounting/comments/1wm09fx/career_progressing/,Acknowledge their General ERP / Accounting friction regarding Remittance. Share non-pitch advisory perspective on deterministic CSV/API journal matching logic.,2026-09-21 02:31:31
2026-09-21 15:34:39 UTC,Reddit,u/NBNC2,Need help with adding new data at bottom of listing without over riding checks a few rows later (macros),I’m willing to pay $25 if someone can help me out.      You have data from row 1 to row 100.     You have a reconciliation from row 105 to row 110.     You have 20 rows of new data you want to paste from row 101 to row 120.      You want to: add 20 rows above row 105 and paste the data from row 101 onwards.     How can you do this?     The data is coming from a power query I ran in another sheet. I ran a formula in that sheet in a new column to i,General ERP / Accounting,Reconciliation (reconciliation),7,https://reddit.com/r/Accounting/comments/1wmg6o0/need_help_with_adding_new_data_at_bottom_of/,Acknowledge their General ERP / Accounting friction regarding Reconciliation. Share non-pitch advisory perspective on deterministic CSV/API journal matching logic.,2026-09-21 16:01:48
2026-09-21 18:11:20 UTC,Reddit,u/crazgril,I feel so lost,"Hi  As soon as i graduated, I started working as a GL accountant (and that has been going on for 2 years).   I feel so dumb sometimes and feel as if I never know enough. I know working in GL means that I should understand every process and every single thing in accounting, whether its IFRS, different subledgers, accounting processes... but I am always behind.   I need to know how I can excel and achieve more and how I can refresh and expand my kn",General ERP / Accounting,Subledger (subledger),7,https://reddit.com/r/Accounting/comments/1wmkleo/i_feel_so_lost/,Acknowledge their General ERP / Accounting friction regarding Subledger. Share non-pitch advisory perspective on deterministic CSV/API journal matching logic.,2026-09-21 18:31:34
2026-09-22 12:22:00 UTC,Reddit,u/Scared_Blackberry413,Staff  Accountant: Am I There Yet?,"Good morning!  I’m trying to figure out if I have enough accounting experience at this point to realistically move into a Staff Accountant role.   I have about a year of accounting experience and was promoted pretty early from Analyst I to Analyst II. I do AR, billing, reconciliations, GL posting, financial/regulatory reporting, payroll and billing close, internal controls, and some fiscal year-end work.  The problem is there really isn’t anywher",General ERP / Accounting,"Reconciliation (reconciliation, bank rec)",7,https://reddit.com/r/Accounting/comments/1wn7zjo/staff_accountant_am_i_there_yet/,Acknowledge their General ERP / Accounting friction regarding Reconciliation. Share non-pitch advisory perspective on deterministic CSV/API journal matching logic.,2026-09-22 12:31:42
2026-09-22 13:15:33 UTC,Reddit,u/rinowinne,didn't know BKP was accounting and I'm suffering,"I didn't know bookkeeping was accountancy and chose it for my extra class that's required for graduation. I thought I was gonna spend 5 hours in the library... well, titles can be *quite* deceiving. For context, I don't know anything about accounting. I'm from STEM, and I just wanted to have a casual and relaxing time— but now I'm genuinely suffering (*slightly).* I was one part of the students who were actually answering, and I was the fastest t",General ERP / Accounting,Bank Rec (bank rec),9,https://reddit.com/r/Accounting/comments/1wn97od/didnt_know_bkp_was_accounting_and_im_suffering/,Acknowledge their General ERP / Accounting friction regarding Bank Rec. Share non-pitch advisory perspective on deterministic CSV/API journal matching logic.,2026-09-22 13:20:37
2026-09-22 16:37:53 UTC,Reddit,u/Emergency-Tip-1987,"Wanting to get back into the field of accounting, what are the best steps I can take?","I have a BS in Accounting, and worked a job straight out of college in Accounts Receivable and Accounts Payable for 3 years. I then switched careers for the past 8 years where I am in quality control and have been promoted to a managing member position. Since being moved to a higher up position, I have significantly more time on my hands on a daily basis, and I work fully remote.   Because of this, I am wanting to get back into accounting in one ",General ERP / Accounting,Accounts Receivable (accounts receivable),7,https://reddit.com/r/Accounting/comments/1wnejbh/wanting_to_get_back_into_the_field_of_accounting/,Acknowledge their General ERP / Accounting friction regarding Accounts Receivable. Share non-pitch advisory perspective on deterministic CSV/API journal matching logic.,2026-09-22 17:01:47
2026-09-22 20:24:00 UTC,Reddit,u/Normstradamus_II,Processing Returns,"I'm having a hard time ironing out return authorizations, restocking, and credit memos within NetSuite.   We ship hundreds of products a day and ultimately get the returns. Some are able to be restocked and some aren't.  My question is, how does your company handle the returns within NetSuite?  From physical receipt, restocking or not, to reconciling the remittance details from the customer.   Expecting my AR team to use individual credit memos b",Netsuite,Remittance (remittance),8,https://reddit.com/r/Netsuite/comments/1wnkvou/processing_returns/,Acknowledge their Netsuite friction regarding Remittance. Share non-pitch advisory perspective on deterministic CSV/API journal matching logic.,2026-09-22 20:32:02
2026-09-22 20:36:22 UTC,Reddit,u/Priyanshu_9506,Looking for Junior Accountant / Accounts Executive Opportunity – Delhi NCR,"Hi everyone,  I’m currently working as a Junior Accountant with around 1 year of experience, and I’m looking for a new opportunity in Delhi NCR, Noida, or Gurgaon.  My experience includes:  Tally Prime  Accounting entries  GST-related bills and entries  TDS-related entries  Reimbursement accounting  Purchase & payment vouchers  Bank reconciliation  Excel  I’m specifically looking for a role where I can get exposure to broader accounting work, lea",General ERP / Accounting,"Reconciliation (reconciliation, bank reconciliation)",7,https://reddit.com/r/Accounting/comments/1wnl7sm/looking_for_junior_accountant_accounts_executive/,Acknowledge their General ERP / Accounting friction regarding Reconciliation. Share non-pitch advisory perspective on deterministic CSV/API journal matching logic.,2026-09-22 21:01:45
2026-09-22 21:05:54 UTC,Reddit,u/not-a-trapezoid,Tips on successful integration of Shopify data into Quickbooks?,"Hey there, just about to launch my ecom (B2C) shop and want to make sure my books are set up properly beforehand. I've dug around this sub along with Shopify-related ones, and it seems that the consensus is generally ""inventory reconciliation between Shopify and Quickbooks is usually a mess"".  Do any of you have any tips on how I can make this as smooth as possible?  Any blips I should be looking out for, so that I can catch them early? (e.g. ens",Quickbooks,Reconciliation (reconciliation),8,https://reddit.com/r/Accounting/comments/1wnm0we/tips_on_successful_integration_of_shopify_data/,Acknowledge their Quickbooks friction regarding Reconciliation. Share non-pitch advisory perspective on deterministic CSV/API journal matching logic.,2026-09-22 21:11:30
2026-09-23 08:32:13 UTC,Reddit,u/BeneficialRiver2178,Advice,"33M, finance background — feeling stuck and trying to figure out where to go from here  I’m looking for some honest career advice from people in finance/accounting.  My background is a bit unconventional. I completed a B.Com in Finance & Taxation in India, cleared CA CPT, but never completed CA Intermediate. I later moved to Canada and completed a PG Diploma in Financial Planning & Wealth Management from Lambton College.  I spent around 5 years i",General ERP / Accounting,Reconciliation (reconciliation),9,https://reddit.com/r/Accounting/comments/1wo088y/advice/,Acknowledge their General ERP / Accounting friction regarding Reconciliation. Share non-pitch advisory perspective on deterministic CSV/API journal matching logic.,2026-09-23 09:01:53
2026-09-23 13:58:13 UTC,Reddit,u/Adventurous_Day4534,What part of month-end close is the most repetitive or time-consuming for your team?,"I'm currently looking at the month-end close workflows for a software project and trying to figure out what the process actually looks like from the finance/accounting perspective.  # If you are employed in accounting or finance,  At which part of month end close do you or your team do the greatest amount of manual, repetitive work?  I'm especially interested in activities related to excel/spreadsheets, importing and exporting between systems, re",General ERP / Accounting,"Reconciliation (reconciliation, month-end close)",9,https://reddit.com/r/Accounting/comments/1wo6rnm/what_part_of_monthend_close_is_the_most/,Acknowledge their General ERP / Accounting friction regarding Reconciliation. Share non-pitch advisory perspective on deterministic CSV/API journal matching logic.,2026-09-23 14:01:45
2026-09-23 16:07:02 UTC,Reddit,u/JaneBert,How can I build more confidence to take that next step?,"Hi All,  I started working with QB about 20 years ago, having my boss teach me to post retail cash payments, process AP, and do payroll.  She brought me along with her to another company where I learned more and more about AR and got really good at finding needles in haystacks.  So I had solid bookkeeping under my belt before I went back to school for my BS in Accounting.  Eventually I ended up at a small family-owned landscape contractor, as the",General ERP / Accounting,Reconciliation (reconciliation),7,https://reddit.com/r/Accounting/comments/1woa75q/how_can_i_build_more_confidence_to_take_that_next/,Acknowledge their General ERP / Accounting friction regarding Reconciliation. Share non-pitch advisory perspective on deterministic CSV/API journal matching logic.,2026-09-23 16:31:31
2026-09-23 22:14:44 UTC,Reddit,u/BeneficialRiver2178,Advice,"33M, finance background — feeling stuck and trying to figure out where to go from here  I’m looking for some honest career advice from people in finance/accounting.  My background is a bit unconventional. I completed a B.Com in Finance & Taxation in India, cleared CA CPT, but never completed CA Intermediate. I later moved to Canada and completed a PG Diploma in Financial Planning & Wealth Management from Lambton College.  I spent around 5 years i",General ERP / Accounting,Reconciliation (reconciliation),9,https://reddit.com/r/Accounting/comments/1wojywx/advice/,Acknowledge their General ERP / Accounting friction regarding Reconciliation. Share non-pitch advisory perspective on deterministic CSV/API journal matching logic.,2026-09-23 22:31:45
2026-09-24 02:19:16 UTC,Reddit,u/MasnGh,am i reaching asking for a raise/title change after 3 months?,"so i’m kinda looking for a reality check on my current accounting job.  i was hired about 3 months ago for a junior accounting role at $22.50/hr, and i’m currently at $23 after a small raise. when i started, i thought i’d mainly be doing the usual junior accounting/bookkeeping stuff.  but since then, i’ve ended up taking on a lot more of the accounting function. i’ve restructured the chart of accounts, started moving things from cash basis toward",Qbo,Bank Rec (bank rec),9,https://reddit.com/r/Accounting/comments/1wopfaz/am_i_reaching_asking_for_a_raisetitle_change/,Acknowledge their Qbo friction regarding Bank Rec. Share non-pitch advisory perspective on deterministic CSV/API journal matching logic.,2026-09-24 02:31:24
2026-09-24 15:18:47 UTC,Reddit,u/LibrarianInner2093,How to record and reconcile company credit cards?,"Hi, I’m new to NetSuite, and my boss tasked me with figuring out a new process to record and reconcile the company credit cards.    Our controller has been submitting the expenses as AP, and when the statement is paid they make a bill payment to the transactions that were on the statement.    Another solution that was brought up was to enter the transactions in a JE, when the statement gets paid enter a charge through the bank to the CC acct. But",Netsuite,Reconciliation (reconciliation),10,https://reddit.com/r/Netsuite/comments/1wp4hgg/how_to_record_and_reconcile_company_credit_cards/,Acknowledge their Netsuite friction regarding Reconciliation. Share non-pitch advisory perspective on deterministic CSV/API journal matching logic.,2026-09-24 16:01:50
2026-09-24 19:16:21 UTC,Reddit,u/aries-slut2,Apparently there is an “Art” to accounting,"I recently resigned as Director of Finance & Accounting for a small beauty brand. There were a lot of reasons, but let’s just say the CEO and I had some differences when it came to integrity, accountability, and… accounting.  Today I found out he was explaining to the staff accountant, who I hired and trained, that there’s an “art” to accounting.   Apparently that “art” includes moving expenses between periods depending on when you’d prefer them ",General ERP / Accounting,Month-End Close (month-end close),7,https://reddit.com/r/Accounting/comments/1wpato4/apparently_there_is_an_art_to_accounting/,Acknowledge their General ERP / Accounting friction regarding Month-End Close. Share non-pitch advisory perspective on deterministic CSV/API journal matching logic.,2026-09-24 19:31:33
2026-09-24 19:03:47 UTC,Reddit,u/Few-Competition-9132,Most Efficient Way to Send Tax Exempt Forms,"My company is a tax exempt entity and each year, we have to create new tax exempt forms and get to our vendors.  I'm looking for the most efficient way to get that information delivered.  One year, we sent the new annual form to all of our vendors separate from their payments via mail and about 30% still began adding tax on our invoices and we had to resend so I felt that wasn't time and money well spent.  If we send to big companies that use a l",General ERP / Accounting,Lockbox (lockbox),9,https://reddit.com/r/Accounting/comments/1wpahzq/most_efficient_way_to_send_tax_exempt_forms/,Acknowledge their General ERP / Accounting friction regarding Lockbox. Share non-pitch advisory perspective on deterministic CSV/API journal matching logic.,2026-09-24 19:31:33
2026-09-25 16:22:24 UTC,Reddit,u/Curious-Pace-449,Can a Client Accounting Services Analyst (CAS Analyst) role help me work abroad in the future?,"Hi! I recently got an offer as a Client Accounting Services (CAS) Analyst at a consultancy firm in Makati. First accounting job ko sana, so I’m wondering if okay ba siyang starting point.  Based sa JD, I’ll be handling outsourced accounting, financial reporting, BIR/tax compliance, reconciliations, month-end closing, client follow-ups, onboarding, and process improvement. I also heard na they have foreign clients, although di ko pa sure how much ",General ERP / Accounting,Reconciliation (reconciliation),7,https://reddit.com/r/Accounting/comments/1wq0qc9/can_a_client_accounting_services_analyst_cas/,Acknowledge their General ERP / Accounting friction regarding Reconciliation. Share non-pitch advisory perspective on deterministic CSV/API journal matching logic.,2026-09-25 16:31:33
2026-09-25 17:59:08 UTC,Reddit,u/Old_Instruction7683,I got fired for saying “we train auditors on accounting.” What do you think?,I took a Senior Accountant position for a healthcare company for $85K in early 2023. I took it and was there almost 3.5 years. I was making $92K after a year because I negotiated with the prior CFO for higher pay. The CFO liked my work and I got them through audit on time which I guess that hasn’t happened in years. I then didn’t receive a raise the last 2 performance reviews even though for each review a different supervisor said I exceeded expe,General ERP / Accounting,Month-End Close (month-end close),9,https://reddit.com/r/Accounting/comments/1wq379n/i_got_fired_for_saying_we_train_auditors_on/,Acknowledge their General ERP / Accounting friction regarding Month-End Close. Share non-pitch advisory perspective on deterministic CSV/API journal matching logic.,2026-09-25 18:01:51
2026-09-25 18:58:42 UTC,Reddit,u/Actual-Simple-9787,Starting my first accounting job and worried I won’t know enough,"I’m starting my first accounting job after earning my degree. I’m changing careers from marketing, so I don’t have much hands-on accounting experience yet.  I’ll start with bank reconciliations, then move into bookkeeping and accounts payable. I’m excited, but I’m also scared I’ll be slower than expected or ask questions that make me look dumb. Or I don't receive any training—I learned the concepts in school, but doing the work at a company feels",General ERP / Accounting,"Reconciliation (reconciliation, bank reconciliation)",7,https://reddit.com/r/Accounting/comments/1wq4q5s/starting_my_first_accounting_job_and_worried_i/,Acknowledge their General ERP / Accounting friction regarding Reconciliation. Share non-pitch advisory perspective on deterministic CSV/API journal matching logic.,2026-09-25 19:02:17
2026-09-26 04:59:56 UTC,Reddit,u/Bulky-Finish-9053,Fuel industry accounting,"**Has anyone worked in fuel industry accounting using Oracle? Looking for insight into the actual workflow**   Hi everyone,  Below is kind of day to day responsibilities. This is a whole sale company.  Accounts receivable / sales ledger  Daily, weekly and monthly invoicing  A combination of automated and manual invoicing  Reconciling data from multiple sources  Checking fuel volumes before invoices are posted  Investigating discrepancies  Supplie",Oracle,"Reconciliation (reconciliation, accounts receivable)",10,https://reddit.com/r/Accounting/comments/1wqhqxg/fuel_industry_accounting/,Acknowledge their Oracle friction regarding Reconciliation. Share non-pitch advisory perspective on deterministic CSV/API journal matching logic.,2026-09-26 05:01:46
2026-09-26 06:35:07 UTC,Reddit,u/Apart-Ebb-8135,Nobody can do a reconciliation??,"Hello, I’ve just started a new role as an internal controls manager (throwaway account).   The company I am working for has never had a good controls environment. They’ve always just tried their best, but aimlessly.   I have looked at 75 of the 492 reconciliations and pretty much all of them are bad. Nobody is actually doing a reconciliation, it’s just a list of journals hitting the account or just a statement saying that it balances. Nobody has ",General ERP / Accounting,Reconciliation (reconciliation),7,https://reddit.com/r/Accounting/comments/1wqjfbn/nobody_can_do_a_reconciliation/,Acknowledge their General ERP / Accounting friction regarding Reconciliation. Share non-pitch advisory perspective on deterministic CSV/API journal matching logic.,2026-09-26 07:01:53
2026-09-26 12:51:00 UTC,Reddit,u/Logical-Cabinet9674,Fuel/Oil Industry Accounting,"Has anyone worked in fuel industry accounting using Oracle? Looking for insight into the actual workflow   Hi everyone,  Below is kind of day to day responsibilities. This is a whole sale company.  Accounts receivable / sales ledger  Daily, weekly and monthly invoicing  A combination of automated and manual invoicing  Reconciling data from multiple sources  Checking fuel volumes before invoices are posted  Investigating discrepancies  Supplier in",Oracle,"Reconciliation (reconciliation, accounts receivable)",10,https://reddit.com/r/Accounting/comments/1wqprce/fueloil_industry_accounting/,Acknowledge their Oracle friction regarding Reconciliation. Share non-pitch advisory perspective on deterministic CSV/API journal matching logic.,2026-09-26 13:01:44
2026-09-26 15:06:35 UTC,Reddit,u/pharwek,"""Manual contract reconciliation is destroying my mental health. How do you guys handle this?""",[removed],General ERP / Accounting,Reconciliation (reconciliation),7,https://reddit.com/r/Accounting/comments/1wqsu4d/manual_contract_reconciliation_is_destroying_my/,Acknowledge their General ERP / Accounting friction regarding Reconciliation. Share non-pitch advisory perspective on deterministic CSV/API journal matching logic.,2026-09-26 15:31:38
2026-09-26 16:45:01 UTC,Reddit,u/JanBreslau,What’s the one data-entry task in your firm/dept you wish you could automate without fearing broken data?,"Hey everyone,  As bookkeepers and accountants, we spend an absurd amount of time on repetitive manual tasks: downloading invoice PDFs from emails, extracting vendor names, line items, and totals, pushing them into QuickBooks/Xero, and cross-checking receipts.  While tools like Zapier, Make, or custom scripts exist, setting them up to handle edge cases (like weird invoice layouts, tax rounding, or split line items) often requires technical gymnast",Quickbooks,Reconciliation (reconciliation),10,https://reddit.com/r/Accounting/comments/1wqv7bk/whats_the_one_dataentry_task_in_your_firmdept_you/,Acknowledge their Quickbooks friction regarding Reconciliation. Share non-pitch advisory perspective on deterministic CSV/API journal matching logic.,2026-09-26 17:01:57
2026-09-28 11:41:02 UTC,Reddit,u/Various_Apricot_1980,Accouting skills for my resume,"Anyone that has graduated and gotten a job in accounting, does your job ACTUALLY include Month end closing, Account Reconciliation and General Ledger and what's your current job title?   I am currently an accounts payable specialist but I would like to know if these skills transfer to a junior analyst or staff accountant role after graduating.",General ERP / Accounting,Reconciliation (reconciliation),7,https://reddit.com/r/Accounting/comments/1wsc9zv/accouting_skills_for_my_resume/,Acknowledge their General ERP / Accounting friction regarding Reconciliation. Share non-pitch advisory perspective on deterministic CSV/API journal matching logic.,2026-09-28 11:56:20
2026-09-28 16:41:14 UTC,Reddit,u/P0cket_Spaghetti,How do you know when its time to leave a role?,"Left public after about 5 years earlier this year and joined a company as a senior accountant. Initially things were good, but as the honeymoon period wore off there are some things that have come to annoy me.   \- We have 2 controllers. Backstory is the first one left a couple years ago but was kept on as a consultant while the new one was trained. Eventually they brought the original one back on with a slightly better title but they split the r",General ERP / Accounting,Reconciliation (reconciliation),9,https://reddit.com/r/Accounting/comments/1wsjoct/how_do_you_know_when_its_time_to_leave_a_role/,Acknowledge their General ERP / Accounting friction regarding Reconciliation. Share non-pitch advisory perspective on deterministic CSV/API journal matching logic.,2026-09-28 17:02:06
2026-09-28 16:33:32 UTC,Reddit,u/Less_Concentrate3512,Accountants: How would you approach this historical QuickBooks Desktop migration?,"TLDR at the bottom👇🏾 sorry for the length but I’m beyond stressed at work rn as the sole analyst so I need some real insight on this if you have any spare time.   The stated goal is that everything should ultimately live natively in QuickBooks rather than relying on an external reporting model.   The requested process is essentially:   Import \~215K historical billing records from the billing system into QBD as invoices, including Class.   Import",Quickbooks,"Reconciliation (reconciliation, bank rec)",8,https://reddit.com/r/Accounting/comments/1wsjh33/accountants_how_would_you_approach_this/,Acknowledge their Quickbooks friction regarding Reconciliation. Share non-pitch advisory perspective on deterministic CSV/API journal matching logic.,2026-09-28 17:02:06
2026-09-28 18:16:56 UTC,Reddit,u/Acrobatic-Fun-9547,promoted internally but the pay increase feels disappointing — am I being unrealistic?,"Sorry if this is long.. I’m looking for some perspective from people in accounting because I’m feeling pretty discouraged right now.  I currently work in finance at a nonprofit organization in NYS. I started about a year ago in an entry level finance role making around $20/hr. I've gotten 2 raises and currently sit at $23/hr. Since then, I’ve finished my associate degree in accounting (currently doing bachelors), learned our ERP system, taken on ",Sap,Reconciliation (reconciliation),10,https://reddit.com/r/Accounting/comments/1wsmb5g/promoted_internally_but_the_pay_increase_feels/,Acknowledge their Sap friction regarding Reconciliation. Share non-pitch advisory perspective on deterministic CSV/API journal matching logic.,2026-09-28 18:31:30
2026-09-28 23:00:49 UTC,Reddit,u/Ok_Profession5722,Moving from Accounts Payable to Junior Accounting Clerk — nervous but excited. What should I expect?,"I’m 26 and starting a Junior Accounting Clerk position next week. I’m super nervous but also really excited.  My work background is roughly **2 years in banking, 2 years in property management, and the last 10 months in Accounts Payable**. In AP, I’ve been processing high-volume invoices across multiple locations and working with vendor/credit card reconciliations, AP schedules, EFTs/payments, journal entries, etc.  My new Junior Accounting Clerk",General ERP / Accounting,Reconciliation (reconciliation),7,https://reddit.com/r/Accounting/comments/1wstpyx/moving_from_accounts_payable_to_junior_accounting/,Acknowledge their General ERP / Accounting friction regarding Reconciliation. Share non-pitch advisory perspective on deterministic CSV/API journal matching logic.,2026-09-28 23:01:49
2026-09-29 01:53:31 UTC,Reddit,u/Prestigious-Fig-1402,Where do you actually trust AI in the month-end close process?,"Ive been thinking about where AI actually helps with month-end close for smaller teams that can't build custom automation. My take: the practical wins aren't AI running the close — it's AI handling the repetitive prep while a human reviews and approves everything.  A few use cases I keep coming back to:  1. **Bank recs** — feed it the bank export and GL detail, have it suggest matches and flag unmatched items, duplicates, and unusual items. Human",General ERP / Accounting,"Bank Rec (bank rec, month-end close)",7,https://reddit.com/r/Accounting/comments/1wsxh2r/where_do_you_actually_trust_ai_in_the_monthend/,Acknowledge their General ERP / Accounting friction regarding Bank Rec. Share non-pitch advisory perspective on deterministic CSV/API journal matching logic.,2026-09-29 02:01:46
2026-09-29 03:50:37 UTC,Reddit,u/Major-Image-1629,Transition from FP&A to accounting,"I am working in FP&A tracking capital expenditures for a telecom company. I recently received an interview request for an accounting position with a company that offers professional services to insurance companies. This role requires passing journal entries, preparing reconciliations, post payroll, etc. I have a degree in finance and passed CFA level one. How do I prepare for the interview? TIA",General ERP / Accounting,Reconciliation (reconciliation),7,https://reddit.com/r/Accounting/comments/1wszvll/transition_from_fpa_to_accounting/,Acknowledge their General ERP / Accounting friction regarding Reconciliation. Share non-pitch advisory perspective on deterministic CSV/API journal matching logic.,2026-09-29 04:01:53
2026-09-29 06:56:43 UTC,Reddit,u/Tax_Alchemist,"Want to learn US bookkeeping on real clients Indian CA, happy to start small","# Hi all,  I'm a Chartered Accountant from India with several years of hands-on work in audit, tax, GST and internal audit. I want to learn US small-business bookkeeping through real work, not just practice files.  I'm looking for an experienced bookkeeper or small firm who'd let me work alongside them on actual tasks bank reconciliations, transaction categorisation, catch-up cleanups, month-end close under your review.  I'm fine with a low rate ",Quickbooks,"Reconciliation (reconciliation, bank reconciliation)",8,https://reddit.com/r/Accounting/comments/1wt3530/want_to_learn_us_bookkeeping_on_real_clients/,Acknowledge their Quickbooks friction regarding Reconciliation. Share non-pitch advisory perspective on deterministic CSV/API journal matching logic.,2026-09-29 07:01:50
2026-09-29 07:10:43 UTC,Reddit,u/Rever-Agents,Which reconciliation eats the most hours in your close?,"Curious how this varies by company size and ERP. For most teams it's one of these:  • Bank to GL, especially with several operating accounts  • Stripe/processor payouts to bank (fees, refunds and chargebacks netted together)  • Intercompany  • AP subledger to GL  • Accruals nobody remembers to reverse  Which one is it for you, and what actually helped? Spreadsheets, a close tool, or a macro someone wrote  in 2017 that nobody dares touch?",General ERP / Accounting,"Reconciliation (reconciliation, subledger)",9,https://reddit.com/r/Accounting/comments/1wt3dr3/which_reconciliation_eats_the_most_hours_in_your/,Acknowledge their General ERP / Accounting friction regarding Reconciliation. Share non-pitch advisory perspective on deterministic CSV/API journal matching logic.,2026-09-29 07:31:28
2026-09-29 14:10:58 UTC,Reddit,u/DOMINUS_3,Leave a new job after 1–2 months for a 20%+ raise?,"CPA with 5+ years of experience, primarily in SALT/indirect tax and corporate accounting.  I recently started a new accounting role making \~$80k, with a planned bump into the mid-$80s after 6 months. I like the people so far, the company seems solid, and they're investing time into training me.  However, I just applied for a Senior Associate indirect tax role nearby with a posted range of $100k–$130k. The position is almost directly aligned with",General ERP / Accounting,Reconciliation (reconciliation),7,https://reddit.com/r/Accounting/comments/1wtb6j3/leave_a_new_job_after_12_months_for_a_20_raise/,Acknowledge their General ERP / Accounting friction regarding Reconciliation. Share non-pitch advisory perspective on deterministic CSV/API journal matching logic.,2026-09-29 14:31:36
2026-09-29 17:57:26 UTC,Reddit,u/schoff,Created a Windows program for Bank Recs,"I manage the monthly bank rec for a few related entities. For a while it's been done through a semi-automated process in Excel that aligns well with the accounting system rec module. For over a year I've been toying around with a new workbook but never got happy enough with the new workflow to replace what I had. We have millions monthly reconciled to the penny, with sub-system recs off .001%, or tens/hundreds of dollars. What I had works really ",General ERP / Accounting,Bank Rec (bank rec),9,https://reddit.com/r/Accounting/comments/1wth655/created_a_windows_program_for_bank_recs/,Acknowledge their General ERP / Accounting friction regarding Bank Rec. Share non-pitch advisory perspective on deterministic CSV/API journal matching logic.,2026-09-29 18:01:56
2026-09-29 17:47:34 UTC,Reddit,u/ZainMunawari,How are you handling cash application when clients wire a lump sum covering multiple QuickBooks Online invoices?,[removed],Quickbooks,Cash Application (cash application),6,https://reddit.com/r/Bookkeeping/comments/1wtgwlx/how_are_you_handling_cash_application_when/,Acknowledge their Quickbooks friction regarding Cash Application. Share non-pitch advisory perspective on deterministic CSV/API journal matching logic.,2026-09-29 18:01:57
2026-09-29 19:20:03 UTC,Reddit,u/onetwothreefish,Recommendations on simple AR platforms?,"Hey guys just a quick post, looking for recommendations on easy to use AR platforms. We have a pretty new finance / accounting team as we're still a pretty early tech startup so anything straightforward and user-friendly is preferable.  So pretty much just simple AR platform features (like generating invoices, tracking payment statuses, etc) works perfectly for us. Currently looking into Ramp which I saw recently released their own accounts recei",General ERP / Accounting,Accounts Receivable (accounts receivable),7,https://reddit.com/r/Accounting/comments/1wtje6z/recommendations_on_simple_ar_platforms/,Acknowledge their General ERP / Accounting friction regarding Accounts Receivable. Share non-pitch advisory perspective on deterministic CSV/API journal matching logic.,2026-09-29 19:31:36
2026-09-29 23:29:15 UTC,Reddit,u/Opera-learner,Reconciling retained earnings?,"Today in my master’s class, we worked through a real world retained earnings reconciliation. Beginning retained earnings did not agree with the prior year audited financial statements, so we adjusted retained earnings and A/R to match the audited opening balances. I understand that part.  What confused me was what happened afterward. The adjustment left A/R with a credit balance, which is opposite its normal balance, so we then had to debit a/r i",General ERP / Accounting,Reconciliation (reconciliation),7,https://reddit.com/r/Accounting/comments/1wtpj0p/reconciling_retained_earnings/,Acknowledge their General ERP / Accounting friction regarding Reconciliation. Share non-pitch advisory perspective on deterministic CSV/API journal matching logic.,2026-09-29 23:31:27
2026-09-29 23:23:12 UTC,Reddit,u/hypermiler2205,My boss was so impressed by my excel skills she wants me to do account recs and bank recs (I’m an AP clerk),"This must be good news for me professionally speaking, Right? I think it is   Comment down below   Basically I had to help a colleague with some excel stuff I did it “very quickly and accurately” according to my direct report which is good because   I’m now doing account recs and bank recs (something which they don’t let other AP clerks do)  Hopefully this would blossom into me being able to do adjusting entries for account recs or even being abl",General ERP / Accounting,Bank Rec (bank rec),7,https://reddit.com/r/Accounting/comments/1wtpe5v/my_boss_was_so_impressed_by_my_excel_skills_she/,Acknowledge their General ERP / Accounting friction regarding Bank Rec. Share non-pitch advisory perspective on deterministic CSV/API journal matching logic.,2026-09-29 23:31:27
2026-09-30 00:16:41 UTC,Reddit,u/Forsaken_Interest_30,Bank reconciliations,"Hi all! I have a client who we just picked up where we were given the task of reconciling their bank statements for the full year month by month.   I have been trying to essentially tie out large deposits on their bank statement to their GL filled with small transactions through two excel sheets (bank stmt and GL) and I’m struggling to figure out if the amounts are really the true deposits, or if I’m just making the amounts work. The clients acco",General ERP / Accounting,"Reconciliation (reconciliation, bank reconciliation)",7,https://reddit.com/r/Accounting/comments/1wtqkt1/bank_reconciliations/,Acknowledge their General ERP / Accounting friction regarding Reconciliation. Share non-pitch advisory perspective on deterministic CSV/API journal matching logic.,2026-09-30 00:31:31
2026-09-30 09:24:48 UTC,Reddit,u/peshwar9,How are you actually handling AI on client documents? Curious what firms are doing in practice,"I'm curious about the practical mechanics for those of you who do use AI on real client work.  * Do you redact first, use a firm-approved tool, run something local, or just draw a line at what goes in? * If your firm has a policy, does anyone actually follow it? * For the number-heavy work, reconciliations, ledger checks, anything with arithmetic, do you trust the AI's math or does it still need full manual re-checking?  Trying to get a real pict",General ERP / Accounting,Reconciliation (reconciliation),9,https://reddit.com/r/Accounting/comments/1wu0cvy/how_are_you_actually_handling_ai_on_client/,Acknowledge their General ERP / Accounting friction regarding Reconciliation. Share non-pitch advisory perspective on deterministic CSV/API journal matching logic.,2026-09-30 09:31:29
2026-09-30 12:30:56 UTC,Reddit,u/rishigupta04,Moving EU compliance out of silos (and dumping legacy consultants),"We finally got our NetSuite item masters talking to our compliance tooling this month, and honestly it should have happened years ago. For the longest time logistics was paying pricey local agencies for the waste fees in France and Germany while finance tracked the actual sales volumes over in the ERP, and the two never met.  When the new packaging regs hit last month that disconnect turned into a full on mess. The old consultants wanted thousand",Netsuite,Reconciliation (reconciliation),10,https://reddit.com/r/Netsuite/comments/1wu3og3/moving_eu_compliance_out_of_silos_and_dumping/,Acknowledge their Netsuite friction regarding Reconciliation. Share non-pitch advisory perspective on deterministic CSV/API journal matching logic.,2026-09-30 12:31:39
2026-09-30 15:30:40 UTC,Reddit,u/The_Guru_4431,Migrate Open Vendor Prepayments,"I have migrated the opening balances (via journal) with Prepayments and bank already recorded in there.  I need to import some unallocated vendor prepayments. I did not want to make them as prepayment record because it will hit the bank balance/reconciliation again.  Then, I was thinking I make this as a journal against accounts payable and name so I can use it on the bill payment later, however I cannot think how this should be offset.     Anybo",General ERP / Accounting,Reconciliation (reconciliation),7,https://reddit.com/r/Netsuite/comments/1wu806s/migrate_open_vendor_prepayments/,Acknowledge their General ERP / Accounting friction regarding Reconciliation. Share non-pitch advisory perspective on deterministic CSV/API journal matching logic.,2026-09-30 15:31:39
2026-09-30 16:10:13 UTC,Reddit,u/Enough-External-3906,Has anyone integrated Cybersource PAX terminals (card-present) with NetSuite?,"Hey all,  We're scoping a card-present payment integration for a NetSuite client and wanted to check if anyone here has done something similar.  The setup: PAX terminals running the Cybersource (Visa Acceptance) Acceptance Devices app, connected to NetSuite in a semi-integrated way. Staff would start the payment from NetSuite, the customer pays on the terminal, and the result gets written back to NetSuite (payment applied to the order/invoice, pl",Netsuite,Reconciliation (reconciliation),10,https://reddit.com/r/Netsuite/comments/1wu90sp/has_anyone_integrated_cybersource_pax_terminals/,Acknowledge their Netsuite friction regarding Reconciliation. Share non-pitch advisory perspective on deterministic CSV/API journal matching logic.,2026-09-30 16:31:42
2026-09-30 16:13:29 UTC,Reddit,u/hypermiler2205,"(AP Clerk here) should I do unpaid overtime in exchange for learning account recs, bank recs, etc.?","Comment down below what you think  I think I should do it  Yes I won’t get paid overtime, but I’d still learn several valuable concepts I can put on my resume   Also I want to advance professionally I don’t want to be an AP clerk forever hence me wanting to do this",General ERP / Accounting,Bank Rec (bank rec),7,https://reddit.com/r/Accounting/comments/1wu942z/ap_clerk_here_should_i_do_unpaid_overtime_in/,Acknowledge their General ERP / Accounting friction regarding Bank Rec. Share non-pitch advisory perspective on deterministic CSV/API journal matching logic.,2026-09-30 16:31:50
2026-09-30 17:50:29 UTC,Reddit,u/PharwekCEO,"I found $47,800 in overpayments in a test audit","I wanted to see how much money could actually slip through if you took a year's worth of vendor payments and checked them against the original contracts.  So I made a test dataset with 180 invoices and 12 months of payments, then went through the contracts and compared what was actually paid with what should have been paid.  I ended up with $47,800 in discrepancies.  Nothing crazy either. It was mostly small things adding up: a rate increase that",General ERP / Accounting,"Reconciliation (reconciliation, payment reconciliation)",9,https://reddit.com/r/Accounting/comments/1wubpma/i_found_47800_in_overpayments_in_a_test_audit/,Acknowledge their General ERP / Accounting friction regarding Reconciliation. Share non-pitch advisory perspective on deterministic CSV/API journal matching logic.,2026-09-30 18:01:57
2026-09-30 23:11:06 UTC,Reddit,u/WorthChef9805,Government accounting job vs. nonprofit I’m passionate about — what would you do or what do you think I should do?,I’m early in my accounting career and torn between two very different opportunities.  **Option 1: Government Accounting Clerk**   • W-2 position with benefits and stability   • Around $43k–$45k starting salary   • Clear career progression through higher accounting clerk levels and other accounting roles   • More structured environment and defined responsibilities   • Would give me municipal/government accounting experience  **Option 2: Nonprofit ,General ERP / Accounting,Reconciliation (reconciliation),7,https://reddit.com/r/Accounting/comments/1wujqe7/government_accounting_job_vs_nonprofit_im/,Acknowledge their General ERP / Accounting friction regarding Reconciliation. Share non-pitch advisory perspective on deterministic CSV/API journal matching logic.,2026-09-30 23:31:29
2026-10-01 02:34:11 UTC,Reddit,u/Delicious-Story-4421,Is Finance Operations a bad place to start?,"Graduated in December and working in Finance Operations for a top 5 bank. Making decent money in LCOL, and they pay for CPA. I don’t plan to stay here after I get my CPA but will being here during it put me at a disadvantage when trying to progress my career?  I feel like the job isn’t massively improving technical accounting knowledge, but I still do monthly account reconciliations, post journal entries etc.   I just feel like like I’m so cooked",General ERP / Accounting,Reconciliation (reconciliation),7,https://reddit.com/r/Accounting/comments/1wunya2/is_finance_operations_a_bad_place_to_start/,Acknowledge their General ERP / Accounting friction regarding Reconciliation. Share non-pitch advisory perspective on deterministic CSV/API journal matching logic.,2026-10-01 03:01:54
2026-10-01 11:30:23 UTC,Reddit,u/LiteratureIll3662,"Unpopular opinion: most of a daily NAV reconciliation is copy-paste, not accounting. fund accountants, prove me wrong. How long does yours take?","Quick question: Is anyone's daily NAV reconciliation NOT held together by Excel and the one person who understands the macros?? lol  Not having a go at anyone, it's the process I have a problem  with, not the people.  Every daily net asset value (NAV) review I've come across works  roughly the same way. Pull the custodian and broker files, paste  them into the workbook, roll yesterday forward, check prices,  check FX, tick off the fee accruals, e",General ERP / Accounting,Reconciliation (reconciliation),7,https://reddit.com/r/Accounting/comments/1wuwzjs/unpopular_opinion_most_of_a_daily_nav/,Acknowledge their General ERP / Accounting friction regarding Reconciliation. Share non-pitch advisory perspective on deterministic CSV/API journal matching logic.,2026-10-01 11:31:37
2026-10-01 15:01:01 UTC,Reddit,u/Delicious-Story-4421,Is Finance Operations a bad place to start?,"Graduated in December and working in Finance Operations for a top 5 bank. Making decent money in LCOL, and they pay for CPA. I don’t plan to stay here after I get my CPA but will being here during it put me at a disadvantage when trying to progress my career?  I feel like the job isn’t massively improving technical accounting knowledge, but I still do monthly account reconciliations, post journal entries etc.   I just feel like like I’m so cooked",General ERP / Accounting,Reconciliation (reconciliation),7,https://reddit.com/r/Accounting/comments/1wv1qml/is_finance_operations_a_bad_place_to_start/,Acknowledge their General ERP / Accounting friction regarding Reconciliation. Share non-pitch advisory perspective on deterministic CSV/API journal matching logic.,2026-10-01 15:02:45
2026-10-01 16:42:18 UTC,Reddit,u/Comfortable_Sink_537,For Canada CPAs – booking deposits for car wash / inspection appointments,"Have you had any experience setting up booking deposits for small service appointments, like car washes or vehicle check-ups in BC?  I'm mainly trying to understand:  \- Whether you'd treat the deposit as a prepayment (GST charged at booking) or as a security deposit (GST only once it's applied or forfeited)  \- How you handle PST when a car wash or inspection is normally exempt, but taxable work like an oil change gets added at the visit  \- How",General ERP / Accounting,Customer Deposit (customer deposit),7,https://reddit.com/r/Accounting/comments/1wv4eld/for_canada_cpas_booking_deposits_for_car_wash/,Acknowledge their General ERP / Accounting friction regarding Customer Deposit. Share non-pitch advisory perspective on deterministic CSV/API journal matching logic.,2026-10-01 17:01:56
2026-10-02 03:23:05 UTC,Reddit,u/Swisscheese51,I received an offer for a seasonal Accounts Receivable position worried about drug test.,"I live in California. The job offer is a seasonal Accounts Receivable position at a local tomato plant in my city. I had the interview on September 17 and drug test would be October 3rd. I admittedly smoked weed daily, but obviously i have stopped since i was told that there would be a standard drug screening. I was told it was a standard drug screening, but i don’t know any other details regarding what they test for, etc. I am worried about pass",General ERP / Accounting,Accounts Receivable (accounts receivable),7,https://reddit.com/r/Accounting/comments/1wvjcq1/i_received_an_offer_for_a_seasonal_accounts/,Acknowledge their General ERP / Accounting friction regarding Accounts Receivable. Share non-pitch advisory perspective on deterministic CSV/API journal matching logic.,2026-10-02 03:31:38
2026-10-02 05:59:15 UTC,Reddit,u/NervousSpecialist479,Swiss accountants: how do you handle tech/automation with clients?,"Hey all, we are an SME (subsidiary of a foreign parent) using a local accountant to file while I manage from outside the country. Been going through a bit of a process review and wanted to sanity-check some things with people who actually work in Swiss accounting, rather than just guessing.  A few questions if anyone's willing to share perspective:  1. **Direct GL access**: is it normal for a client to ask to hold their own accounting software li",General ERP / Accounting,Reconciliation (reconciliation),9,https://reddit.com/r/Accounting/comments/1wvm3cn/swiss_accountants_how_do_you_handle/,Acknowledge their General ERP / Accounting friction regarding Reconciliation. Share non-pitch advisory perspective on deterministic CSV/API journal matching logic.,2026-10-02 06:01:53
2026-10-02 10:53:54 UTC,Reddit,u/mxhr__,Bookkeeping work,"Hello everyone,   I help small-business owners, startups, and entrepreneurs save valuable time, reduce costly bookkeeping errors, and gain a clearer view of their finances through accurate, organized, and dependable remote bookkeeping support.   My services include:   • Day-to-day bookkeeping   • Accounts receivable and accounts payable   • Bank and credit card reconciliations   • Invoicing and customer statements   • Expense tracking and categor",Quickbooks,"Reconciliation (reconciliation, accounts receivable)",10,https://reddit.com/r/Accounting/comments/1wvqq8z/bookkeeping_work/,Acknowledge their Quickbooks friction regarding Reconciliation. Share non-pitch advisory perspective on deterministic CSV/API journal matching logic.,2026-10-02 11:01:50
2026-10-02 16:37:12 UTC,Reddit,u/Business_Quarter8132,Thoughts?,Just wanted some general thoughts on my situation. Not an accounting degree (other business major) 2026 grad. Took an accounting job at a bank with the company I interned for because I didn’t have too many other options and the salary is on par with my peers/other jobs I was pursuing. End goal as of now is FP&A but not opposed to staying in accounting if opportunities come up. I’m taking financial modeling courses on the side. Mostly doing bank r,General ERP / Accounting,Bank Rec (bank rec),7,https://reddit.com/r/Accounting/comments/1wvyi56/thoughts/,Acknowledge their General ERP / Accounting friction regarding Bank Rec. Share non-pitch advisory perspective on deterministic CSV/API journal matching logic.,2026-10-02 17:01:54
2026-10-02 20:53:25 UTC,Reddit,u/No_Coat4438,Thoughts on leaving public and going to industry role staff/sr accountant role,"These are the job duties for staff accountant role at an architectural firm. Would be cool to see the management construction accounting side of things.  Duties include:  In this role, you will be responsible for supporting various accounting functions, ensuring accuracy and compliance with financial standards. Your energetic approach will help maintain seamless financial operations, contributing to the overall success of our organization. The id",Quickbooks,"Reconciliation (reconciliation, bank reconciliation)",8,https://reddit.com/r/Accounting/comments/1ww4wuy/thoughts_on_leaving_public_and_going_to_industry/,Acknowledge their Quickbooks friction regarding Reconciliation. Share non-pitch advisory perspective on deterministic CSV/API journal matching logic.,2026-10-02 20:54:16
2026-10-03 07:26:33 UTC,Reddit,u/Prestigious-Food-205,BSA Grad: Accounting vs. ERP/Functional Consulting,"Hi! Fresh Accountancy grad here, and I’m currently deciding between two career paths.  One is a traditional accounting role, mainly involving AP, disbursements, reconciliations, tax/compliance, and financial reports. It’s a small team and may involve handling the accounting of affiliated businesses. The work is mostly Excel/manual processes.  The other is a Junior Functional Consultant role focused on ERP/accounting systems, including business pr",General ERP / Accounting,Reconciliation (reconciliation),9,https://reddit.com/r/Accounting/comments/1wwh2yp/bsa_grad_accounting_vs_erpfunctional_consulting/,Acknowledge their General ERP / Accounting friction regarding Reconciliation. Share non-pitch advisory perspective on deterministic CSV/API journal matching logic.,2026-10-03 07:31:27
2026-10-03 20:06:09 UTC,Reddit,u/Prestigious_Bed_1283,"Career advice, Help","I recently graduated cortland with a business economics degree (never really knew what I wanted to do) and started working as a cash application specialist at a pretty big lighting company making $27 per hour. I’ve liked the role so far and realized I may want to go into accounting. I want to land a higher paying role asap but don’t know if I should do a part time masters program which would take me 2 years to complete while working full time, or",Sap,Cash Application (cash application),8,https://reddit.com/r/Accounting/comments/1wwwmly/career_advice_help/,Acknowledge their Sap friction regarding Cash Application. Share non-pitch advisory perspective on deterministic CSV/API journal matching logic.,2026-10-03 20:31:29
2026-10-04 23:47:02 UTC,Reddit,u/-SadDays,What is it like working in accounts payable?,"Is it mainly data entry and of course with some thought to it… does your AP team use excel a lot and are you flooded with emails of invoices to be entered/requests?  So far with my experience communicating to our AP team,  they need/want to be told what to do? Rather than me just providing the documentation and explaining the history/reasoning of the reconciling amount in our books, understandably it’ll add more work on them of needing to also “r",General ERP / Accounting,Reconciliation (reconciliation),9,https://reddit.com/r/Accounting/comments/1wxu2is/what_is_it_like_working_in_accounts_payable/,Acknowledge their General ERP / Accounting friction regarding Reconciliation. Share non-pitch advisory perspective on deterministic CSV/API journal matching logic.,2026-10-05 00:01:51
2026-10-05 01:30:42 UTC,Reddit,u/agibufuziogaru,AR people: how do you handle customer remittances?,"I'm curious how different companies handle cash application when a customer sends a check/ACH with remittance advice listing multiple POs or invoices.  At my company, I have to manually go from the remittance > PO > invoice > payment application, and I'm wondering how common that workflow is.  Do you:  manually search for each invoice?  export to Excel?  use an ERP/AR automation tool?  have something that automatically matches the remittance to o",General ERP / Accounting,"Cash Application (cash application, remittance)",9,https://reddit.com/r/Accounting/comments/1wxw5aa/ar_people_how_do_you_handle_customer_remittances/,Acknowledge their General ERP / Accounting friction regarding Cash Application. Share non-pitch advisory perspective on deterministic CSV/API journal matching logic.,2026-10-05 01:31:44
2026-10-05 11:10:32 UTC,Reddit,u/Pieragconsulting,Accounting and Advisory Services for Smarter Business Decisions,"Running a business successfully requires more than generating sales and managing daily operations. Accurate financial records, proper reporting, tax compliance, and strategic planning all play an important role in building a stable and profitable organization. This is where professional accounting and business advisory support can make a significant difference. Whether you are a startup, small business, or established company, reliable financial ",General ERP / Accounting,Reconciliation (reconciliation),9,https://reddit.com/r/Accounting/comments/1wy5slp/accounting_and_advisory_services_for_smarter/,Acknowledge their General ERP / Accounting friction regarding Reconciliation. Share non-pitch advisory perspective on deterministic CSV/API journal matching logic.,2026-10-05 11:31:43
2026-10-05 12:29:35 UTC,Reddit,u/Impressive-Hornet-75,6 plus years fund accounting to small business bookkeeping: is it realistic?,"Hi everyone, I’m looking for some honest advice from people who have experience in accounting or running their own bookkeeping business.  I have 6+ years of fund accounting experience, Most of my experience has been with month end close, reconciliations, journal entries, financial statements, and working with complex fund structures.  I’m currently studying for the CPA and recently left my job. I’ve been thinking about starting a small bookkeepin",Quickbooks,Reconciliation (reconciliation),8,https://reddit.com/r/Accounting/comments/1wy7aiq/6_plus_years_fund_accounting_to_small_business/,Acknowledge their Quickbooks friction regarding Reconciliation. Share non-pitch advisory perspective on deterministic CSV/API journal matching logic.,2026-10-05 12:31:52
2026-10-05 17:47:24 UTC,Reddit,u/Manpreet9512,I feel much happier at this stage in my life,"I just wanna share my feelings online.  I graduated from Accounting in 2008.  I'm turning 40 next year.  Initially, when I graduated, I struggled with finding a job for a good five years.  Worked minimum-waged jobs in the mean time.  Then, finally got a job as a Tax Staff at one of the big firms in Vancouver, BC in their US department.  Worked there for a few years, had no interested in getting promoted and moving on to Senior.    In 2018, I move",General ERP / Accounting,Accounts Receivable (accounts receivable),7,https://reddit.com/r/Accounting/comments/1wyf4y5/i_feel_much_happier_at_this_stage_in_my_life/,Acknowledge their General ERP / Accounting friction regarding Accounts Receivable. Share non-pitch advisory perspective on deterministic CSV/API journal matching logic.,2026-10-05 18:01:48
2026-10-05 18:59:21 UTC,Reddit,u/moe13abuali,Accountant building a firm from scratch — struggling to get my first clients. What actually worked for you?,"I’m looking for some advice from people who have actually built a bookkeeping/accounting practice from scratch.  A little about me: I’ve been working professionally in accounting for several years. Most of my career has been in fund accounting/alternative investments, where I’ve gotten experience with financial reporting, reconciliations, NAVs, investment activity, accruals, and working with different client structures.  I currently work for a la",Quickbooks,Reconciliation (reconciliation),8,https://reddit.com/r/Accounting/comments/1wyh1b3/accountant_building_a_firm_from_scratch/,Acknowledge their Quickbooks friction regarding Reconciliation. Share non-pitch advisory perspective on deterministic CSV/API journal matching logic.,2026-10-05 19:02:05
2026-10-06 01:13:55 UTC,Reddit,u/Savings-Sympathy7680,"Unemployed and desparate for advice. 36M, CPA, yet no follow-ups, no crossing the finish line.","Hi All,  I am in desparate need of finding what flaw or issue I have that is keeping me from getting calls or crossing the final step and get a role despite all the recruiters saying ive got the experience. Heck I had an internal recruiter call me on Friday evening, we had our intro call, he seemed excited to have me in from of the team. Today I get an email from the company rejecting me. This is for a senior accountant role which based on my exp",Netsuite,Reconciliation (reconciliation),10,https://reddit.com/r/Accounting/comments/1wyps33/unemployed_and_desparate_for_advice_36m_cpa_yet/,Acknowledge their Netsuite friction regarding Reconciliation. Share non-pitch advisory perspective on deterministic CSV/API journal matching logic.,2026-10-06 01:31:31
2026-10-06 01:07:35 UTC,Reddit,u/onemore_throwaway_,"CFO coverup, need serious advice","I joined a team middle of this year. Got handed a big project 2 weeks in to figure out a reconciliation process the had a million dollar write off the prior year. Had 1 meeting about it, thought I was in for a long hall project. Next meeting CFO tells me to make an entry with my current findings which I tell her isn't correct she says ""I would never hold you to these entries"". Then I discover a 600k issue. Email her about it, hear nothing back. B",General ERP / Accounting,Reconciliation (reconciliation),9,https://reddit.com/r/Accounting/comments/1wypnjw/cfo_coverup_need_serious_advice/,Acknowledge their General ERP / Accounting friction regarding Reconciliation. Share non-pitch advisory perspective on deterministic CSV/API journal matching logic.,2026-10-06 01:31:31
2026-10-06 19:35:09 UTC,Reddit,u/Known_Dog_1105,"Out of the game for 5 years, starting a staff accountant position next week in manufacturing sector","36 (M) could use some (a lot really) since I really want to stay at this company for long term, I’ll have a 90 day review.  Anyone in manufacturing accounting department, please me understand what I am getting myself. How I can really help my department and company with day to day operations and be ready when it’s time for month end.  I bought accounting textbooks so I can study up and get that mindset of an accountant again.  The closer I get to",General ERP / Accounting,Reconciliation (reconciliation),7,https://reddit.com/r/Accounting/comments/1wzbz8r/out_of_the_game_for_5_years_starting_a_staff/,Acknowledge their General ERP / Accounting friction regarding Reconciliation. Share non-pitch advisory perspective on deterministic CSV/API journal matching logic.,2026-10-06 20:01:49
2026-10-06 20:07:57 UTC,Reddit,u/Whiyefox21,I received the biggest red flag job description from a recruiter cold linkedin message today,"""I'm reaching out about a Corporate Controller opportunity I'm working on. The role centers on owning a clean, multi-entity accounting function at a high-growth real estate investment firm. You'd lead the team, improve processes, and automate workflows alongside a Chief AI Officer.      Highlights:  * High-growth self-storage investment platform with about 140 properties, a new flagship fund, and an active development pipeline  * Newly launched r",General ERP / Accounting,Month-End Close (month-end close),7,https://reddit.com/r/Accounting/comments/1wzcu1g/i_received_the_biggest_red_flag_job_description/,Acknowledge their General ERP / Accounting friction regarding Month-End Close. Share non-pitch advisory perspective on deterministic CSV/API journal matching logic.,2026-10-06 21:02:00
2026-10-07 16:48:11 UTC,Reddit,u/SafeAdvanced9287,Reconciliation,"Could you guys Explain what is basically a reconciliation i mean in general like every JD has Supplier reconciliation or BRS ,VAT reconciliation any source material i could use to gain real exposure to reconciliation    Thanks",General ERP / Accounting,Reconciliation (reconciliation),7,https://reddit.com/r/Accounting/comments/1x01lzw/reconciliation/,Acknowledge their General ERP / Accounting friction regarding Reconciliation. Share non-pitch advisory perspective on deterministic CSV/API journal matching logic.,2026-10-07 17:31:35
